标签,1d,2d
，,-0.09116467,3.4925861
的,0.37435222,2.0955937
。,-0.2512738,3.4610786
0,0.62918586,7.2771616
：,-0.8635184,-2.9416313
1,1.6938558,7.2043347
2,1.513706,7.7080216
、,2.7446184,-2.5612595
在,3.7805498,5.425008
了,2.860103,3.3866324
5,2.1949244,6.8365493
3,2.6099567,6.3981524
“,1.1341186,2.5059013
”,-0.186935,1.0440601
6,2.8760376,5.9105196
4,2.8371203,6.1047106
7,2.8261952,6.0008316
是,-0.74940324,1.675427
．,2.0159147,-0.28194177
和,1.744321,-0.5121124
8,2.6859767,5.533472
（,4.403989,-1.7375376
）,-1.1383212,4.8435054
9,2.5080533,5.620854
月,-0.72352064,5.4469166
也,-0.21386917,-0.7342492
有,-5.2876797,2.7824035
为,5.7054605,3.455952
－,2.9039788,-0.21980242
将,1.3727001,5.359849
日,1.0400945,-1.998464
Ｍ,2.8160887,-1.8543594
ｅ,6.765302,-3.721634
Ｃ,2.4152532,-3.8125174
Ｐ,2.1751146,1.8063675
年,3.3018925,3.6416657
Ｇ,6.406549,-5.7736564
等,-0.94954437,-2.1673682
％,-1.2855889,0.21723253
对,3.379093,0.78782266
中,-0.4289425,1.8738122
Ａ,-0.6629701,-1.8498899
与,5.4967933,-0.7375692
Ｉ,4.306633,0.83201873
ｎ,1.1087646,1.5192646
ｏ,4.778846,-3.8516665
上,-2.2936943,0.8282623
ｉ,4.0954003,0.10543589
／,-2.4202192,-1.805781
Ｂ,0.18993057,0.0827213
Ｓ,3.3956559,-3.1722236
都,-2.030997,-2.325027
他,-2.8436382,0.4714265
Ｕ,1.8924237,-4.0827
ｍ,-1.3620162,-8.907197
不,-4.8830495,-0.6806041
到,4.2213016,7.4032598
就,-1.5695012,0.19491166
Ｄ,1.4494988,-0.67820185
记者,-1.3347478,5.0155816
后,0.8908434,2.488221
多,-9.690269,2.633758
中国,0.75548846,5.3937836
》,1.7989311,-1.0991014
《,3.4444814,-1.4532224
我,-3.5921412,-2.7780707
；,0.035399184,0.8420654
更,3.9063075,-0.26887336
＞,-0.115647525,-0.53372425
人,1.1662776,-4.7059655
但,-2.6716888,2.8049695
说,-3.0240302,4.216576
ｔ,0.0864495,-6.7793875
系列,9.3755865,-7.8651004
被,-1.6632787,2.7934136
而,1.1787443,1.8859191
元,-5.8495708,-1.2418534
从,3.8943815,3.2989714
公司,1.3575281,7.238186
并,2.3244429,-0.8929177
这,-2.2623708,2.1159465
ｌ,0.6576602,-4.4053097
Ｈ,-0.83080685,-5.9709673
Ｔ,3.6505125,-1.8996763
产品,6.442735,5.0790043
个,-0.18342051,0.7189974
ｒ,4.4427075,-2.545053
ａ,2.4730806,-2.7840152
市场,0.95787203,6.988884
时,-1.0888276,-1.3863518
一个,-2.5292356,0.49738008
还,0.15895352,0.8247685
ｓ,2.9205947,-2.4198883
会,-2.2288,0.49635226
要,-2.6847048,2.3521976
我们,-3.2807763,2.3532789
表示,-1.8790348,8.17254
以,2.1447144,2.1480613
没有,-6.6733794,0.50435245
进行,1.0978473,3.9828038
Ｖ,5.459309,-4.602808
ｄ,5.4859486,-4.2912545
？,-6.8484845,-3.1857018
发展,1.7890105,2.8356395
让,0.31152904,-3.9507368
自己,-3.1503105,-1.974168
她,-1.8558962,-3.2953088
目前,0.089249924,6.0713525
工作,2.7459393,3.4222298
已经,0.5920654,4.7305937
企业,0.9322368,7.374353
可以,-2.7989852,-0.5455083
华硕,4.252548,-9.361794
经济,-0.175834,7.889989
Ｌ,3.1748054,-4.5848947
尺寸,5.5343723,-0.05015244
英寸,-3.5632017,-5.929882
情况,2.6792686,4.1840343
可,-0.9851952,-0.2376747
前,-0.4062244,6.9625797
ｚ,-3.941277,-5.6309757
很,0.33894905,-2.4637804
着,2.6073222,3.1881154
下,-5.0684357,-1.6181643
屏幕,9.758306,-5.2194653
大,-6.2973914,0.90569013
ｃ,3.1018367,-9.293822
Ｗ,0.2775371,-2.0999439
问题,0.07144746,3.01792
参数,2.9572687,0.19855551
及,2.8127103,-0.66218823
据,6.8456783,6.724815
已,2.3626554,4.7725916
Ｎ,-0.85331243,-0.7101002
Ｅ,3.9928772,0.17727125
他们,-2.8086827,-0.0673741
主频,-4.2824593,5.7285275
其,-0.38532478,1.3374953
新,0.44671893,4.1090894
于,6.337763,2.893376
北京,-0.39480942,1.3140184
芯片,0.93871385,-5.0379167
投资,0.67569214,6.598162
硬盘容量,-9.589681,-8.659777
内存容量,-4.9828653,-1.3056773
时间,-0.9145847,9.739816
今年,3.7481217,4.876311
显卡,-0.6893127,-6.7648845
地,5.083519,-0.42748824
来,2.0827641,6.5456157
能,-4.593957,-0.5822709
向,4.153882,5.2817593
Ｘ,5.5513372,-1.7894688
Ｆ,4.1050553,0.40843382
美国,-0.92011166,5.6437845
通过,2.2141366,1.8147421
给,0.17647463,0.69025147
或,-1.2275928,0.48351628
座椅,3.6019118,-2.81569
可能,-5.6729984,3.1359696
价格,-0.11427521,3.6285713
又,1.1678823,-0.901335
型号,-0.28211048,-2.014342
内,-2.662738,1.8625145
该,-4.510601,1.9711297
你,-5.290992,-4.6084614
！,-0.4721977,-3.2189233
ｇ,-0.99446213,-7.540899
同时,0.47354934,1.9606498
出现,-3.4240613,3.0513234
开始,3.6906898,8.20929
ｗ,3.0758145,-3.797521
操作系统,1.2844751,2.4689817
其中,1.6198548,0.9702612
基金,1.9790053,5.841126
Ｏ,2.1280253,-0.24870904
好,-8.838192,-1.4084171
由,3.4293401,2.4637685
把,-3.0146394,0.72413224
根据,0.70147526,2.8312619
国家,-2.514889,6.72554
这个,-5.3088946,0.24649979
认为,-2.2124035,5.3717427
相关,-5.1580873,2.4848518
＂,1.9135258,1.3949912
增长,5.051701,2.7677305
成为,3.4833038,3.4595752
系统,2.0656528,-0.80575407
服务,3.0474482,1.8836232
主要,-2.3288982,2.961106
活动,8.498077,0.82885385
Ｒ,3.6043792,0.0372686
万元,-3.9092877,-0.81527853
方面,0.9308106,2.1971762
高,-10.237195,2.5161033
就是,-1.3692763,-1.1559778
亿元,-1.0887864,2.9943185
称,-2.358018,6.2517867
最,3.337906,-1.0097122
项目,2.519603,8.789316
一,-0.79001683,-0.9154425
显示,-0.09810759,5.644014
如果,-4.395557,0.112280525
至,6.5447865,9.441173
最大,-4.0342484,0.48221618
比赛,2.0626833,1.9693806
汽车,5.236057,1.9055861
以及,2.361333,-0.58531916
ｈ,2.3713658,-2.182535
发现,-0.3860762,1.2110928
一些,-3.601231,0.81909
政策,2.6119633,7.791858
建设,1.2990965,5.6447706
信息,3.3118567,1.9125818
对于,3.020356,0.4787464
影响,-0.9637222,-0.6946104
支持,-0.24966998,0.21106642
报道,-0.27585843,4.9216537
·,-0.46824077,-1.5230769
做,-3.933817,2.5070086
比,1.3561351,3.346201
国际,0.28092018,4.313581
提供,-4.9177966,0.9978118
由于,0.62093675,2.9978864
去,0.13749334,1.359096
现在,-3.5550723,3.4556623
因为,-2.505383,0.048961587
ｋ,2.7214742,-2.2478151
需要,-4.2560344,4.923885
方式,5.7227793,0.25902972
银行,-1.8457767,9.184111
作为,2.2820783,1.817612
要求,-0.25322083,2.2453525
ｐ,0.6998345,-3.5490282
管理,-0.1612212,1.0505425
这些,-5.3523235,1.1920379
还是,-1.3165321,-0.5630286
了解,-3.347984,-3.7094452
里,-5.015742,-0.60095865
调节,-4.543063,-4.2163396
却,-1.5121588,-1.0635711
安全,-1.1473924,-2.9832225
类型,2.201624,-3.8623624
分,-3.3578916,-4.87354
城市,2.8305197,4.9507422
用,-2.6310453,-2.0137
则,-0.22142969,0.29986185
点,-3.806374,-2.90732
们,-2.4262075,-4.7342477
这样,-5.294697,-1.311647
小,-4.620791,-1.606549
…,1.104982,-1.2636085
ｕ,4.0412865,-3.4968343
政府,-4.1099916,7.840797
岁,-0.268518,-7.5654273
发生,-0.17708354,-2.0731735
其他,-4.9194174,-0.20535302
继续,0.17652495,6.4300213
孩子,-1.4121951,-6.1870384
包括,0.6132482,3.0792623
全国,1.9244881,3.423967
但是,-3.0350637,1.4979658
数据,3.2363381,7.825658
过,0.82982975,3.023484
资金,-3.4480093,10.165041
看,-4.9450583,0.379128
较,3.7196603,3.6364887
】,1.937263,-6.5520773
昨日,-2.4355333,-0.16295658
再,-1.0052098,3.113835
酷睿,0.3398241,-15.139923
【,5.190488,-1.178543
进入,2.003393,6.27161
行业,0.64620715,5.8133926
现场,1.2330449,-2.4622483
社会,0.28440955,0.083093286
很多,-3.976558,-0.35547045
名,2.6404107,-4.2464757
销售,3.7810953,2.8056533
使用,-1.5584421,-2.3070436
发动机,5.4307804,-4.590154
重要,-7.7910166,2.971666
超过,-2.4945238,9.36118
有限公司,2.0909796,-1.4402606
所,0.5966694,-1.4622456
车,3.3272138,-2.3408508
达到,-0.8547867,4.967341
电动,1.3301505,-5.7866545
消息,-0.026571484,6.8495393
之后,1.1690862,3.7303202
不是,-4.5107045,-1.489132
介绍,-1.0234458,-0.23057862
以上,-3.1617348,6.0867286
部分,-1.8553382,2.0462742
一直,-0.13366725,1.1931615
实现,2.5477164,4.10068
号,0.2668859,-1.5819252
技术,3.1110134,1.5553735
不过,-1.6357902,3.3017013
虽然,0.016634988,2.0367634
国内,1.3955475,5.2067146
出,1.7278595,1.8524224
自,5.4436474,0.03574493
中心,0.6529577,2.5405369
非常,2.106784,-1.2518854
上海,0.9238068,3.1506724
日电,3.8747833,-1.3351595
万,-2.9132073,2.3930893
部门,1.6211668,4.3718414
希望,-1.786812,1.3588836
生活,3.825786,-2.6218646
均,0.6691813,0.16358118
人员,3.1406078,3.382257
搜狐,0.02445374,-4.75889
股,1.4177736,1.2117426
得,-1.8118262,-0.5920316
品牌,7.461804,2.905811
实际,-0.9011703,1.4978094
仍,-0.21616843,4.9617844
正在,6.4310036,6.1098433
关注,-2.505759,-3.196105
增加,-0.51081187,3.695856
地区,2.364431,6.6121287
发布,-0.05204493,3.5599253
获得,-2.8830683,3.2555754
只,-1.6459502,-0.8332861
计划,3.9538512,9.964097
机构,-0.60052043,8.442544
左右,-1.7708238,6.8041525
世界,0.5407186,2.736282
标准,1.2233639,3.478226
参加,1.8268609,1.0415417
看到,-2.887333,-0.100046724
以来,7.191942,9.1490135
有关,-3.8934853,1.7183315
—,2.4359894,-2.1856363
还有,-2.3665106,0.6207993
达,1.4300557,3.8060825
规定,-2.6034374,3.7960198
合作,5.865216,2.8649101
生产,3.7363403,3.012389
家,1.0867565,-1.9520382
近日,1.4861503,-0.57829535
才,-0.53686434,-0.73769844
第,1.2591217,1.2631481
车辆,3.6063619,-1.1519375
不能,-6.2888675,-0.89815146
进一步,2.9711525,5.8171678
基本,-1.8274004,0.38819286
ｙ,1.888445,-4.7349277
因此,-2.0543978,2.0919344
为了,2.3420231,0.47473598
约,-0.60231376,8.320105
ｂ,1.1232764,-1.8182564
选择,-1.6862891,0.25768724
去年,3.3223212,5.3440714
一次,2.6986163,1.7799118
集团,2.381088,8.284772
分别,0.87159204,1.2008662
表现,0.5263838,-1.081657
这种,-3.4478693,-4.588824
一定,-6.6647835,-1.1802416
文化,5.182349,0.39442015
下降,1.8588568,2.6481354
它,-1.8649603,-1.9636589
占,-1.0854657,2.4932773
公布,-2.2663667,5.1464977
媒体,2.268913,5.516698
学生,1.8998697,-3.0317314
完成,1.7184247,8.376161
时候,-2.662775,0.25164452
后排,1.7444112,-8.449322
我国,1.4026893,4.9818106
持续,-1.1844543,7.3584776
举行,3.8763828,2.4774754
日本,2.0800507,3.9311953
未来,-2.1646805,9.987422
不少,-2.8201246,0.37991658
奥运会,2.667684,8.006478
结果,0.4317075,1.124956
此次,3.5977445,3.03675
不会,-4.250939,0.07842903
月份,0.62005293,2.7466607
想,-3.3215923,-0.033052567
全球,2.3040125,6.24263
ｘ,-1.496062,-6.5681167
什么,-6.7682667,-2.9522026
因,-0.036364622,0.12705064
过程,4.7044106,4.6783648
接受,-2.2645214,2.1565309
同比,7.7002034,2.4147313
最高,-3.4233298,2.2849948
不同,-1.7381041,-2.354746
实施,2.5713778,3.1417968
伦敦,-1.2794241,5.998637
证券,2.2177906,7.2614884
业务,4.7315865,8.0507345
地方,-4.415361,3.8418128
各,-0.7733618,2.9273143
两个,1.1076881,2.4811518
之,0.45119116,4.144327
调查,2.7555265,2.321635
车型,10.036993,0.8389586
网友,2.1514227,-5.897485
研究,0.20562051,4.662713
曾,-0.115041144,3.2116742
设计,4.7364106,-1.6415251
组织,1.328325,2.2579088
告诉,-3.1915364,3.4524772
能力,0.54240036,4.7870083
比较,-0.039152235,0.18761303
所有,-2.1742017,0.12367158
投资者,-3.0881824,4.6236415
功能,3.3870769,-2.4082386
提高,-0.9099998,0.8698125
造成,-3.524211,-1.6227747
所以,-3.4542854,-0.23252834
结构,0.9409133,4.0054913
没,-9.311663,-2.584576
报告,1.2880238,7.564673
Ｋ,3.2119615,-2.6214902
米,-2.6229522,-2.2387612
预计,0.3528971,10.931824
当地,-4.0359178,0.75250006
大家,-1.5732102,-3.6537876
自动,-0.18351005,-4.433162
存在,-7.7427483,1.8112539
配置,3.0395298,-0.8754484
甚至,-2.9124506,0.2360636
控制,-3.457179,-3.1891494
需求,5.229603,2.6291976
暂无,3.1315367,6.6969132
特别,-0.8022956,-2.1132598
小时,0.99292886,1.9666406
市民,1.1558068,-3.6091573
股份,1.539945,3.6668873
而且,-3.1357033,-0.1648487
消费者,3.3758838,-3.0386448
当,-1.1374207,-0.62855434
明显,-3.5255945,1.7433757
原因,1.6257527,4.3561707
得到,-1.2331814,1.5183715
Ｑ,2.2582545,-0.9004947
这是,1.2987646,0.52789927
方向盘,2.1248841,-9.014848
一名,-0.93015724,-2.3932652
双核,4.314236,-2.636009
风险,-1.5370297,4.5391464
能够,-2.458281,0.19234873
单位,-1.4942188,3.9493902
近,-0.28397897,9.783566
正式,3.8800106,4.70848
调整,0.31700706,5.4587207
使,1.5273253,-2.4342768
最终,-0.5358497,0.78081626
分析,-2.2539,5.3906717
应该,-5.0549207,-0.6704303
最后,-2.7572794,2.8106225
是否,-2.4161682,0.26135832
导致,-0.6823566,-0.7663481
不断,2.4112961,5.24344
带来,-3.2983203,-1.3207481
上涨,0.3379438,2.100859
一起,2.9147582,-4.480531
推出,4.393857,3.0235972
香港,-0.088325255,3.8910608
手机,2.7932973,-0.36008143
只有,-2.8730953,3.576987
路,-0.58947086,-4.830708
上半年,2.507468,5.98669
来自,2.1259108,2.326
讯,0.3568625,3.3428314
医院,-0.9318686,-3.830005
学校,-3.3772175,-0.8128525
会议,2.1585274,3.7425535
款,9.580012,-6.4559736
按照,0.10404862,4.6087756
随着,4.866159,4.5569677
经销商,3.5215511,3.1868417
您,-2.825507,-4.2547464
网络,2.755621,0.92539877
交易,-0.13031684,6.0106835
指出,-1.2574846,8.731417
经过,3.791524,5.804953
直接,-4.44347,0.2334025
环境,1.0472165,1.9807227
购买,-0.49165007,-0.07494931
上市,2.8860862,5.5044074
综合,1.5437033,4.3073487
市,-3.9666784,0.15691113
决定,-0.9998583,3.3698072
专业,-1.9363784,-0.19099016
昨天,-2.3968406,0.46852678
代表,1.1190872,0.21818912
收入,0.83476186,3.8345532
利率,-0.882206,9.969642
以下,-3.9117553,2.8960462
走,-3.3047357,0.23807807
公告,-1.2524123,4.8468714
关于,0.90173036,0.70680404
开展,3.3305588,1.1009604
广州,0.6171448,2.9758945
一位,-0.32563004,-1.2189225
日前,2.132511,0.003478341
起,3.160411,1.7140284
一种,-0.444538,-7.7029934
电话,-0.51763505,-1.4558271
提出,-1.8317156,4.506989
今天,-2.8460197,0.74872994
水平,0.8836759,5.276659
副,0.6403103,-0.89915735
预期,-1.1029649,7.5577435
知道,-6.0457516,-1.4370861
当时,-2.294243,0.24941403
加强,-0.9121977,0.95006293
采用,2.3538213,-2.6244433
第一,-3.1224656,1.4739664
英国,-1.7652303,3.8881736
负责人,2.8317392,3.7272296
成功,1.3625405,3.9328234
期间,2.3057349,4.7148566
那,-5.4705234,-0.28256524
提升,2.0585418,-0.093859665
客户,3.7157574,3.9861329
稳定,-4.103489,1.8465445
下午,-1.2791617,-1.9575058
专家,0.7115893,1.4813311
如,-2.0336616,-2.0876727
指数,3.9680276,2.6771178
万股,-3.0633235,-4.8324122
发行,0.44234645,5.577425
之前,-1.0849663,4.683212
车身,4.2634773,-3.9385223
准备,0.48546946,5.9291105
具有,-3.2556465,-0.8456582
参与,1.7869023,1.8184434
不仅,1.4780656,-2.0149326
重点,-0.71560955,4.293834
连续,0.5382836,8.500817
未,-2.568318,3.6533275
必须,-3.5319405,2.0521169
历史,1.5638746,5.5035987
整体,0.6557569,2.7595103
动力,5.1495037,-0.38847363
新闻,0.05705723,4.8383055
类,1.5012356,-6.0095553
修改,1.355138,-0.8437679
人民币,1.9010077,8.690956
目标,3.4465675,9.669756
首次,6.3358254,4.837838
全部,-1.6474092,2.3996577
大灯,0.37036428,-3.9071865
教育,1.3611184,-1.9626362
如何,-0.44325206,0.9852936
规模,2.4917698,9.662543
应,-2.3431504,-1.1101377
内容,4.652932,2.5119805
旅游,4.2344832,2.3366983
次,1.8394783,-0.8393682
＋,-1.5181959,-3.2964082
近期,0.34656504,4.3224716
此外,-0.43118078,3.429598
空间,1.4818269,6.342231
人士,3.8779516,7.0307226
来看,-2.9727361,6.412568
创新,3.1785412,0.7655971
除了,2.1942234,1.1132191
产业,2.9865577,5.1616845
电影,6.0222044,0.88647753
站,-0.6183887,-0.8911594
～,-0.24469548,0.65557593
个人,-1.3122892,-0.47917008
像,-3.3895354,-1.5214449
机会,0.37748733,5.226391
共,5.0719557,1.7727885
本,-3.9612563,0.83864576
变速箱,2.7203822,-3.9977324
ｖ,5.4169893,-5.250775
打,-5.085153,-2.7914019
天,-0.44389847,0.75131047
男子,3.3523662,-1.3914425
材料,0.80446225,1.9368361
压力,0.901967,6.0411906
更加,5.650413,-0.21420082
来说,-4.4210386,0.8718781
仅,-0.5397418,5.599291
这一,-1.5425755,1.1761191
上午,-0.39339507,-1.7552881
店,5.467836,-7.8618584
只是,-2.2213967,0.45967585
一家,-0.65008146,0.12155147
建议,-0.80581665,0.97594076
那么,-2.4200838,1.311227
外,-3.3616567,2.5479012
启动,3.4410212,1.5769126
形成,-1.1616921,2.8633316
一样,-1.712641,-4.568641
工作人员,-0.95820874,0.3233394
无,-4.7621903,-1.8471712
某,2.1341262,-1.2074906
解决,-5.184942,0.66053617
比例,0.77830756,2.3843417
采访,0.5670599,3.3437498
质量,-1.1874745,-1.7562
或者,-3.5324326,-1.7685276
保障,-1.4447927,-0.14361385
透露,-3.1432157,6.6166797
吃,-7.2016363,-6.002718
总,-1.2436308,3.1085012
球队,-3.6475055,7.35562
工程,3.0336723,3.2317228
居民,1.8685409,1.1400557
拥有,-1.2133304,1.4625924
再次,2.9423683,2.8953183
重量,-1.3967315,-9.013185
行为,2.4993296,-2.066022
之间,-0.4153852,0.19222337
贷款,-0.3035638,8.143033
下跌,0.8514048,3.7040322
附近,-4.0682282,0.3632333
×,-2.2997177,-9.280798
截至,2.9588077,7.8820767
公里,2.5435634,0.91583896
公开,-1.5296285,2.562093
房地产,0.47717226,8.689983
改革,2.20496,6.2057004
经营,0.1638662,2.8902302
领域,3.141403,2.7971916
用户,3.5339336,-0.3422214
宣布,2.4508955,8.281838
科技,0.7975651,1.1193799
美元,-4.120509,5.2449713
结束,1.8041023,6.262516
保险,0.88577145,1.6008768
无法,-2.7182832,1.4591107
网站,-0.18760088,2.9732525
严重,-7.585033,-0.92896247
业绩,1.6227592,5.770278
每,-2.8439565,3.0529575
资产,1.723635,9.283773
有效,-3.9124205,0.74000365
运动,4.92033,-5.1263967
分钟,-0.6842672,-2.6244514
奥运,2.2816353,5.5051665
另外,-1.7479894,2.235296
中央,-0.9475816,4.945551
成本,-0.60893875,6.7715397
数量,0.5978956,5.1041536
减少,-0.21140896,1.9687923
关系,2.0917695,-0.14839922
帮助,-0.14771773,-0.25784728
享受,-0.55679893,-3.4926655
球员,-0.8191455,6.2140727
这次,0.7303355,0.9433005
积极,-0.67669165,3.221681
保持,-1.8850194,1.6352787
当天,-0.7230855,0.53226674
取得,-0.6579752,3.542914
朋友,4.2684884,-4.8927236
警方,3.591816,-0.2133146
随后,0.38997892,0.22349124
推进,4.3255973,2.4437342
召开,1.1833282,2.8627508
此前,0.017974963,6.6071177
受到,-0.9341475,0.5115855
悬挂,2.7188456,-1.9912359
任务,6.7728105,7.4782133
正,2.985676,4.7842736
范围,-0.42999923,5.2940397
消费,3.6979866,-0.018962082
制度,1.3627483,4.5027714
呢,-4.5922027,-1.6430137
买,-5.598133,-2.9495456
金融,1.1608117,4.1235886
本次,1.8344417,1.3643618
全面,3.5847788,3.7148712
之一,-0.33991927,1.7936699
模式,6.1771216,3.2347593
任何,-5.859534,0.23503087
规格,-0.58685726,0.62659836
保养,5.5243096,-2.522901
跟,1.1798899,-2.0647848
钱,-6.9449635,2.92277
建立,-0.82993585,2.441489
笔记本,5.7568383,1.3207755
平台,3.572208,3.8460584
来源,-2.8692186,5.4179068
一般,-5.357249,-1.5973604
本报讯,-2.5743108,2.6035292
起来,2.476542,0.100958996
便,1.5167546,-1.613258
措施,4.141062,4.747888
摄像头,-0.6972895,2.6712441
人们,0.07206087,-2.7324536
中新网,6.5244794,-6.7886467
低,-10.256239,2.8669548
三,0.09226854,3.8166454
作用,-1.284701,-0.20495883
叙利亚,-1.9005384,7.114281
优惠,2.9143195,2.126562
新华社,0.44417033,0.92367154
其实,-1.7502087,-0.64244777
天窗,1.1529583,-4.6280365
双方,0.9943403,2.3722374
官方,0.9359038,3.282514
保护,-3.502309,-4.3264546
来到,4.207791,0.50991845
受,-2.1126003,1.4253834
具体,-4.113142,3.258412
考虑,-5.7348585,1.9965765
基础,1.1299978,4.2937512
深圳,0.40331474,1.50175
完全,-1.6238431,-0.67355514
欧洲,-1.6026112,5.7488794
推动,2.4426067,2.022408
费用,0.6792383,2.9074318
针对,3.175663,1.5973786
资源,-1.6934516,6.7660127
觉得,-1.8336304,-3.4145405
区,-0.65320045,0.42548746
申请,-2.52126,3.8900874
规划,0.1386809,8.242057
过去,-0.6064017,8.789691
食品,0.9667763,0.85571855
即,-0.43715376,1.931961
家庭,1.9843767,-2.0056796
相比,3.678866,3.2933626
推荐,-2.774225,-3.9785495
杂费,-1.2453951,-7.1355767
尽管,0.6144531,4.6632943
按,-1.11078,4.378397
产生,-2.684464,-0.44728893
优势,2.367805,4.80478
群众,1.2060548,-4.5326552
学习,3.1441948,-3.8452194
成绩,2.8590603,0.013607673
请,-3.034254,-3.2267432
主动,0.93032134,1.476945
成立,1.754983,4.9190974
条件,-1.412922,3.861373
主任,-0.21313906,-0.53443754
变化,3.661624,1.6450698
ｆ,2.2496316,-0.7976217
成,-0.18859681,0.7671587
状态,2.5181923,3.1198156
这里,-3.956501,-0.2954462
对此,-0.20154996,0.13774025
感觉,0.16353224,-6.471524
有些,-3.4588914,-2.7352252
座,2.198598,-5.267181
各种,-0.62609214,-3.241649
最近,-1.6296176,4.541373
处理,-2.2042909,-2.2360911
开发,1.6270281,4.319183
价值,0.23260744,2.573241
航天员,6.087198,1.039602
央行,1.5093195,11.736203
西班牙,-4.9490647,6.3903003
位于,2.049744,3.3390107
普通,-4.296693,-3.783394
亿美元,0.45484418,6.0678077
且,-0.39467046,0.47287256
执行,-0.2878963,3.4588454
出来,-1.2412577,2.6137109
整个,-0.083095826,2.1569474
带,-3.2731984,-5.3288865
促进,1.2435775,-1.0542083
省,-3.7409933,-0.86425364
共同,3.526998,-0.7128267
增速,2.7241514,4.0353417
非,0.45197195,-0.40249488
社区,-0.7992681,-1.9546345
一年,1.1768501,7.481817
股东,1.2381476,3.340654
金额,0.07747152,7.6013327
方案,3.3118002,6.8379006
长,-5.7261357,3.5310695
俄罗斯,0.32568988,5.716855
板块,2.4786792,2.938762
搜索,6.262761,-1.459587
面对,0.60572016,1.597365
利用,-1.4446671,1.0331439
台湾,0.8225396,2.0918972
因素,3.7914548,5.7009497
支撑,-3.1408381,3.3390543
健康,-1.559869,-4.6605372
平均,-1.7017722,4.7224193
许多,-1.3501608,-0.8218404
大幅,1.6657013,6.492464
联合,3.6598637,1.5504774
事件,5.9255924,0.7677327
采取,-0.33637342,1.4260575
观众,5.825917,-3.2567132
经,3.4370332,0.68403554
传统,3.5370839,-0.13147742
收益,-0.77513564,4.3871655
当前,-1.6250659,4.9008365
依然,0.22864093,1.885193
意见,1.4887743,0.6540412
张,-2.366969,-4.0455103
资本,-1.3393804,9.720013
最新,1.6020876,2.0946255
此,-3.9880416,1.089338
一场,3.1920016,-1.3470544
面临,-3.5699456,7.9250045
吧,-1.4341421,-2.899945
型,3.7414286,-4.251822
喜欢,-2.4189448,-6.088637
民警,3.998611,-4.9700413
吗,-4.1244993,-2.2492585
领导,1.4138798,0.8306758
功率,1.9818037,-4.6998525
冠军,1.7516768,3.2483647
区域,1.5725957,5.4433722
日讯,-2.506544,-2.2572398
监管,-2.8353667,4.846086
十分,3.745099,-1.9382474
降低,-1.5311759,0.56887704
考生,0.66419345,-4.060533
引起,0.16390298,-4.4122496
娱乐,2.8250506,-2.9371321
电视,3.0129032,-0.87078893
更是,4.2289624,-1.5910739
位,0.31674093,-1.8669627
先生,1.1958723,-2.16942
高度,-1.1790104,0.51689225
检查,1.4364004,-5.6229415
长期,-2.2272916,4.106223
像素,3.351706,5.7722993
程度,1.7783049,-0.7694603
治疗,0.30931997,-6.6892953
责任,-0.7520526,1.1895776
大量,-2.6634378,4.3017793
相对,-2.8685372,2.3147342
处于,-0.7112132,8.779234
倍,-1.7555712,0.15292822
设备,3.3538878,2.9160855
股票,-0.737332,5.332864
统一,-0.54927886,1.0591273
每天,-2.8435588,2.325636
及时,-5.330803,-1.3157437
保证,-5.0608797,-0.33221537
本报,0.619704,-1.7057877
尤其,-1.2796149,-2.619795
亿,-4.128123,5.982983
年度,2.2482333,2.3704414
重大,-2.0133946,0.45847628
视频,4.7491755,-0.34204862
确定,-3.6248174,4.4925466
同样,-1.1028694,-1.4544251
办法,-1.1117691,2.1847465
辅助,-5.135378,-5.028097
需,-2.7084348,6.5154195
获悉,1.5026186,3.796608
涨幅,2.779927,3.9562726
期,1.6034938,5.194617
总统,5.3322043,5.940681
然而,-0.36085236,2.4862175
主席,-1.6984019,3.123699
全新,8.322649,-0.9737281
德国,-1.6102558,3.7288861
委员会,-1.0779113,4.250823
阶段,2.6617594,7.480951
效果,1.498156,-3.5335352
天气,-0.2320853,1.4607111
正常,-5.9534483,-0.050484367
全,2.1465623,-2.2720757
坚持,-0.6772327,2.5517933
手动,4.754763,-6.2175317
太,-1.0603161,-2.4402685
明确,-4.725626,4.0912614
只能,-3.860336,0.7958697
死亡,0.5122606,-3.2362406
倒,-4.9956145,-4.0552187
合同,-0.28665018,9.523619
处,-1.3407556,-3.3223343
＊,-2.3430343,-7.7792797
者,0.04796846,-2.9823666
级,-0.9741825,-3.504908
移动,2.105928,3.2062564
有人,-2.7078693,-0.3276183
下调,-1.3451761,6.9758897
选手,5.72841,1.9371871
危机,-0.44674948,7.1464
微博,-0.84174746,-0.29308084
［,-0.73588693,-1.8533003
两人,3.220365,-2.3833137
］,2.2354517,1.0410904
举办,4.4028015,0.09237325
电脑,3.6110091,-0.18331131
找,-6.7591157,-0.26277104
上述,-4.151223,3.976215
报价,-1.7307291,4.4874434
拿,-8.01273,-0.5705441
据悉,4.891238,2.2416685
战略,5.5335073,9.20588
降息,0.30747783,7.2419634
上升,1.2649274,2.661176
不要,-6.174349,-4.5093265
容易,-8.7906275,-6.6702642
网上,-1.0104966,-0.3221064
越来越,3.2054713,0.5280218
很大,-5.9661913,0.6805143
并且,-0.06261698,0.1818879
大学,-0.15587759,0.5313225
行动,5.281323,0.98522687
拍摄,4.295322,-1.5996764
反弹,-1.0719783,4.321965
电子,1.4530013,-2.7943447
安排,-2.3107092,2.8759577
网卡,-3.4330623,0.6153843
形式,5.3650994,0.9660216
引发,0.42311725,-1.8528951
其它,-6.6633053,-3.3348958
仍然,-0.5929809,2.2166018
债券,-2.0387654,9.197288
项,3.3424058,-3.5597293
融资,-1.5669734,6.950342
精神,5.098189,-4.500059
车载,-2.0230782,-3.3218756
操作,1.015989,1.8453854
这么,-3.0398526,0.709723
加速,2.6360896,5.011838
出台,0.7723846,5.1403832
几乎,0.008606675,0.7389541
训练,3.894853,3.4957774
老师,0.002103826,-5.316571
谁,-7.2438016,-1.285315
人民,2.4224038,-3.9890342
属于,-1.4102716,-1.3116475
网,3.0078433,3.140592
免费,0.9585499,-0.5354367
联系,-0.56382513,-2.5756152
集中,-1.6639435,3.188533
努力,0.5261151,4.9425316
女子,2.762578,-1.9544319
加大,-1.8619162,2.6864903
出口,3.9303408,5.625446
加快,2.331131,4.1903234
轮胎,-0.4367091,-0.4323155
家长,-0.84120506,-6.2542925
液晶屏,2.4528382,-6.3059897
简称,-4.8535986,-1.3873079
二,-2.0451553,0.5744654
下滑,1.6399695,3.3382597
韩国,2.418293,3.529003
支付,-1.0198416,2.7220395
不到,-4.8275814,7.3479505
注意,-7.242934,-4.1089883
较大,-5.5224457,2.0739918
突然,-0.36623064,-1.0440257
容积,4.9488506,-3.8537593
只要,-4.12182,-2.5009732
女,2.1018975,-2.910173
事情,0.5583785,-0.35707185
机制,0.2951927,3.877031
广东,-0.25829867,1.8782833
气囊,2.3018842,-6.361487
新华网,6.1647906,-3.6796994
欧元,-4.088233,11.908936
法律,-2.6380432,0.9465862
大型,2.36285,3.2406507
儿童,2.3212736,-6.3505044
Ｊ,1.9723456,-3.1969497
才能,-1.7786971,1.3474457
女士,2.3877296,-5.960848
有所,0.4776932,5.1891
扩大,-0.43528792,3.7670343
即将,2.8265824,3.958054
接近,-3.2148397,7.7491865
开,-2.5335531,-3.9506967
如此,-1.3126689,1.0689677
改变,0.7120136,0.020208986
累计,2.5525053,5.1881375
反映,-3.899309,-1.6667434
迅速,0.9983675,2.5752435
协议,2.3095777,6.311924
环保,-0.14663811,-2.92858
每年,0.000247069,6.580289
体育,-2.944294,2.146982
患者,1.7599595,-6.628227
小区,-1.4492749,-0.5756248
如今,0.56065524,2.6351697
负责,-0.72408676,2.9824278
道,-0.6304775,2.0297036
怎么,-4.4706964,-1.7489438
说明,-2.0437076,1.6988915
通知,-1.6285701,2.6845992
对手,0.20177045,3.3547714
购车,3.5660903,1.330109
儿子,-0.29672244,-3.9105475
每个,-3.7040093,3.0602717
找到,-3.4058394,0.079928614
用于,0.84921116,2.1047928
统计,-2.3442006,4.9201913
存款,0.26096186,8.112047
运行,2.1273272,1.7502109
独立,-1.1436987,1.1635915
确保,-0.8868091,0.41283613
工业,3.6696312,3.8355534
报,-0.8820116,1.0021906
苹果,0.69408226,2.233796
周期,0.7892888,9.496211
三个,2.316563,4.4049597
交通,0.9103082,-0.5222456
低于,-2.230934,7.6498923
客车,5.60241,4.2819004
一下,1.6074502,-1.5207561
农村,0.7605515,0.79635406
交流,5.784427,-1.3671553
现象,2.5730042,0.4839227
成交,2.4238305,4.2490177
资料,2.0874877,4.394136
真正,-1.9207611,-1.0740155
老,0.118279,-0.4091862
土地,-1.2283418,9.816739
另,-1.0834757,2.1093128
司机,1.9374961,-5.6116166
法国,-0.5774936,3.736401
体验,8.456882,-5.2206793
做好,-1.6508673,4.373594
事,1.3581624,-2.3127985
今日,-1.909606,0.03884151
的话,-5.3823757,1.8855778
宣传,4.210575,-0.7978461
强调,-0.33463833,5.19761
提前,-1.9054165,4.826074
投入,1.6132843,6.6838584
购置,4.798382,2.5569623
对接,3.0524251,0.82881325
多年,0.8495744,1.1425793
科学,-0.72799975,-1.3572766
完善,-2.4117649,2.0326946
版,7.3820505,-4.4613667
道路,1.6128826,2.2075315
法院,-0.6863037,-1.0702668
重庆,-0.118303955,0.4808347
放,-4.436788,-2.4353976
Ｚ,3.3312125,-6.884594
进口,5.489815,3.3374631
强,-5.708365,-0.3551673
转向,1.3082286,2.1815534
良好,-0.9615758,-2.717546
下半年,-0.7264323,7.7211823
办理,-0.52882093,0.038493764
厂商,3.73527,2.3121526
涉及,-1.9284546,0.5341976
快,-5.756546,1.8670502
出席,3.425075,-0.18128878
发挥,-4.3863764,-0.6029209
球迷,1.4194543,0.4439369
吸引,-1.204722,0.70972854
同,0.7593663,-0.28640178
住,-4.450855,-0.35228685
时尚,5.8514667,-5.375646
意大利,-3.189009,4.520578
咨询,-0.7793327,-2.0418398
行驶,3.3131497,-6.28405
而是,-0.38877782,-2.005142
首先,-0.8758834,0.9581911
就业,2.0182362,4.1723356
核心,-1.333557,3.0812254
回落,0.23665652,2.6358
事故,5.81211,-3.4925594
满足,-0.5659339,0.21187337
比如,-1.3943883,-0.6380383
一天,-0.74725795,3.19471
爱,-0.22039242,-7.333575
方向,1.9504433,3.3861954
基地,4.375231,6.8308463
数字,3.2022865,5.181164
自然,-1.7322074,-3.6294487
俱乐部,-1.8695185,5.581385
监测,-1.4034253,-0.49905878
位置,-2.2971547,3.0163982
力度,2.3796844,4.5267196
然后,-1.0915204,-0.74337983
上市公司,-0.5308638,6.3022585
住房,0.6160929,4.0357666
快速,0.8996494,2.5349586
家用,-4.9343386,-5.596266
跑,-2.3356009,-2.2510195
两年,2.742899,6.6942058
应用,3.0716405,-0.48515797
一点,-2.9961593,-2.0442178
披露,-2.5490391,6.321943
浙江,-0.2665022,1.260292
欧盟,-1.7934083,7.851804
不得,-2.6302805,1.3533242
经验,3.4922664,5.534151
一辆,5.7062497,-4.9697113
经历,3.63039,4.4800296
外观,4.946207,-4.2824497
全市,1.802138,1.1675382
几个,-0.39179477,4.605693
改善,-0.33687562,-1.7892549
女儿,0.27154362,-3.6809926
商品,3.960308,5.339154
拍,-0.19744956,-5.021396
众多,1.078383,-1.8989785
趋势,5.8156633,6.904664
民间,-1.0704436,4.784242
以后,-1.8739326,2.5812302
现金,0.5589368,2.6173475
详细,-0.106894314,2.342205
老人,0.006003937,-3.3630173
体系,1.0399896,5.36282
村民,-1.6966909,2.1661532
实力,1.345894,6.456835
发布会,3.584648,-1.2208856
展开,4.82286,4.5376754
性能,5.2472854,-5.0777793
突破,4.3973823,8.141197
节能,1.0945939,-0.61446416
多个,-0.21316159,2.0938866
连,-3.837794,0.08599216
令,3.4629023,-2.1754367
间,0.09548938,-0.7170896
加上,-0.8462097,2.879712
导演,5.1825,0.9414283
女性,3.975742,-3.378904
酒店,-0.2317642,2.6707716
最好,-4.807956,-2.031097
主题,6.280531,0.48231024
各地,2.0323942,3.7289264
卡,-1.856176,-2.6537037
当然,-3.1282754,-0.77669704
案件,5.663448,-0.24142952
利润,1.0246183,6.755512
扭矩,0.10448664,-7.2083817
至少,-3.7714314,5.695218
笔记本电脑,11.891858,-1.9934584
补贴,-0.09005548,1.487295
油耗,5.9025283,-5.360737
利益,-0.99294394,1.8226166
装置,2.2186403,-0.7193918
打造,3.6408691,-0.23435429
不错,-5.8878613,-1.7590847
员工,1.8941777,3.828527
图片,3.7815554,-2.160413
第一次,3.3288867,0.22657415
收益率,-0.85845673,5.7146025
暴雨,0.5495843,2.52876
作品,5.7258377,0.29685733
医生,-0.43880448,-5.128116
肯定,-4.7041845,-0.9367193
百分点,1.5613563,8.656665
作出,0.13348071,4.384893
报名,1.6988016,-1.5094588
全省,0.86964214,1.4954691
啊,-3.591273,-4.9744925
培训,3.9282112,1.9309431
第二,-0.16121556,2.1376739
符合,-2.6490974,-0.85479087
面积,1.9911696,3.246626
意味着,0.73150283,4.896914
现代,3.987147,-1.3747187
速度,3.109679,3.7292762
杭州,-0.31662637,0.039544567
决赛,0.810463,4.5936947
水,-4.418428,-1.3122917
当日,0.7709326,0.045362025
游戏,4.489692,-0.79901296
游客,5.900887,0.5736234
对方,-4.254097,-1.9700593
使得,2.696052,0.3592679
立即,0.844946,-2.8048193
通讯员,-0.44904408,-0.6783912
重新,0.9018262,5.0612764
升级,5.413829,2.0301945
接口,-5.173564,-3.068353
股市,-1.6396996,7.426177
沪,3.6110861,2.548887
制定,-0.77116185,3.7883732
经常,-1.9593288,-2.5646422
地址,0.89617723,-6.7076964
恢复,-1.2787021,2.831859
刹车,-1.9295129,-5.3276205
凌晨,-1.7958896,-1.4705297
送,-2.387344,-5.113259
调控,-1.030434,7.447911
装备,5.8195076,3.7389011
北京市,-3.4262538,-0.056513105
遭遇,-0.41902396,2.401618
逐渐,3.51187,3.3311746
终于,1.8660927,0.9601768
照片,3.2848623,-2.8919387
父母,0.066742726,-4.053737
规范,-1.7545953,0.678391
驾驶,7.018048,-9.398254
最小,-4.719612,1.7362574
分享,1.9178038,-2.3596165
身体,-1.6419611,-4.5865817
给予,-3.3902879,0.25804758
制造,2.1334298,1.0087454
巨大,-4.4437346,3.0201678
一条,-2.585392,-0.6506616
行,4.409282,0.9604141
离开,0.074028805,2.661278
高考,2.809445,-1.906994
方法,2.3389578,-2.2968543
时代,3.7485504,3.055285
刺激,-0.08403379,-0.14330931
宽,-7.356221,0.0401561
形势,3.1170638,7.8893957
鼓励,-0.288946,-0.61406565
录取,0.34269768,-3.0595646
钥匙,0.9155892,-4.2648907
级别,-1.1530111,2.1463604
条,1.7548124,-2.5498912
论坛,2.8419633,2.3938332
一张,-1.2964498,-2.6192532
空调,0.40111235,-2.5691383
股权,3.6188428,7.1136045
节目,5.086531,2.409024
似乎,-1.5766591,0.7946023
为主,2.2507563,1.8847151
设立,-1.3207265,3.4530282
南,-3.8402433,4.6064224
保修,0.26452476,2.0759482
故事,6.0325284,-0.6070915
父亲,0.28816593,-3.3541784
一份,-1.5239987,2.5167654
一款,2.4267998,-5.8321915
简单,-4.8344073,-1.4741096
有望,1.9713545,6.2332597
实行,1.1824799,3.226022
晚上,-3.2604954,-2.2939787
跌幅,3.563615,4.0004582
维持,-4.9687753,5.6473103
村,-2.053536,1.019377
近年来,3.9745245,1.1326855
确实,-2.4775183,-0.3115035
指,-3.2693732,0.9494506
吨,0.9792768,6.0262036
加入,2.4945216,2.4540436
做出,-0.6621379,3.8950644
不足,-4.408254,5.456663
短期,-3.7620037,6.8556566
多次,0.5144238,1.5668585
最低,-3.1892636,2.2126117
有线,1.1911333,8.950574
及其,1.5889413,-1.894046
曾经,-0.92768407,-0.10804275
监督,-0.85995716,0.26320565
金,-1.8294368,4.2882924
状况,0.7750143,2.8591518
丰富,-2.797554,-1.3651155
机场,3.85409,5.0154057
个股,0.4687132,4.2724986
这位,-1.8844532,-0.9698372
前排,-0.658511,-5.504319
刚刚,1.2315313,2.9513392
灯,1.0486048,-5.865004
倒车,2.7969146,-8.951915
指标,3.6924558,6.287954
升,-0.14610231,-3.889741
人数,4.597965,4.150928
纷纷,2.4812071,2.8723924
黄金,-0.006704342,7.153847
走势,-0.100575,5.593788
受伤,-2.083674,-3.266317
内部,-2.3097718,3.5572813
南京,0.5269192,0.2451863
分配,-7.700998,-0.6795424
日晚,1.8120384,-6.2295966
东西,-0.9033367,-0.99188524
特色,4.754223,0.51015335
艺术,3.4769857,-2.1956336
车主,4.56852,-5.9635386
挑战,5.2681437,3.8052838
担心,-6.3924065,0.10607388
年轻,-1.419263,-1.1689886
两,1.3467554,5.4989843
伊朗,0.42158493,8.165659
销量,8.421042,1.8730141
竞争,1.8669907,4.4164114
团队,3.9840968,6.602812
成员,4.0708256,3.4773679
适应,-0.5492248,4.1841736
欧洲杯,-0.501593,3.669636
自主,2.983483,1.4710459
官员,-1.0994791,6.7359962
那些,-3.772674,-0.17386375
队,1.2997615,2.354837
困难,-4.2459917,3.648205
音乐,4.9511228,-2.0572832
成都,1.5869396,0.38273644
犯罪,3.586263,-1.203515
以前,-2.7080712,1.5122567
问,-4.974058,-1.2412646
前往,6.292177,3.1198273
加热,-2.7234817,-5.6967473
先,-1.6166531,1.1136615
收费,-2.0065374,0.3437239
体现,-1.6491861,-1.2274004
相信,-0.8462692,1.0152045
真皮,-2.2318003,-2.0979698
感受,4.676198,-6.961716
母亲,0.8592491,-4.613236
限制,-2.1961846,2.8555286
回应,-1.6498692,1.7061393
结合,2.7957497,-5.0726347
高温,-2.5507667,2.137079
落实,-1.4514005,2.3965871
真的,-4.3435664,-3.5439167
指导,-0.047640406,-0.4245941
从而,2.0990467,-1.900345
王,-1.5348792,-0.40803736
而言,-3.3444967,2.4267485
°,-3.9124324,-8.7807865
侧,-0.030787319,-1.7899923
行政,-0.92165697,3.1088996
环比,7.5683384,4.7214313
还要,-0.605624,2.1169097
在线,-0.75369257,1.8839002
全景,3.8513536,-0.83332586
目的,2.2050576,1.9244238
高速,1.9671293,1.2871127
正是,2.1795962,1.3844544
关键,-6.0118694,3.0406048
接到,-1.2424904,1.5167074
信心,0.37200484,5.1307445
作者,-0.47864792,5.2042184
原来,-1.0026398,-0.21378635
展示,3.8845057,-1.079139
增强,0.058576886,-0.71930474
摄,3.6550558,3.073946
特点,4.709778,-0.95178616
大部分,-3.605751,2.1938388
妈妈,0.3099958,-4.9709954
上周,0.2466903,3.7583582
乘客,2.8685045,-4.940265
安全气囊,1.7289796,-2.1191704
检测,-0.629884,-3.4457543
政治,0.67730314,4.8670244
山东,-0.02030924,-0.17060691
深度,0.9217217,3.830047
共有,2.0152202,1.1588414
足球,0.5075789,2.7599547
双,1.9091952,-2.2984617
若,-2.514073,-0.15580791
排名,1.1180711,6.3223987
提示,-1.7897848,-2.2593088
逐步,2.9138968,5.2967277
疾病,3.2214065,-5.4379115
更好,-5.0047336,1.0641423
创造,-1.7219577,2.7525828
解释,-3.877492,1.9116023
男,2.7044654,-3.9549162
刚,0.77737635,0.7903363
奔腾,-0.8915109,-6.764123
人才,1.1969807,6.5175548
镇,-2.7401721,-0.18794577
收购,1.3569937,6.1603303
内地,2.5199575,4.612047
既,0.21336457,-3.0751922
距离,-0.7067318,3.7576473
招生,1.5781381,0.7076001
将会,1.1546018,2.8542683
唯一,-1.7449312,0.059002798
渠道,3.7101524,6.8264537
天津,2.342816,0.60624963
队员,2.9233186,2.9101539
性,-0.2631144,-3.4117627
研发,5.091709,2.6270692
协会,0.47287264,0.8737224
流通,1.8453138,-2.2156408
干部,1.9848471,0.5494976
同期,1.338609,5.1955633
叫,-2.2588706,-4.2462306
著名,0.6426358,0.3465435
费,-1.3712965,2.5209908
力量,2.6987903,3.820079
妻子,1.5454049,-3.489417
多少,-6.8332253,3.3892689
副驾驶,-0.87047875,-2.747568
身份,3.7908278,1.9987744
维护,-0.6863176,-2.2714741
神舟,6.3261533,-0.64259815
贸易,3.9180844,5.5825076
扶手,-3.2590716,4.8979654
背景,4.960476,5.9152813
制作,1.1087635,1.0149376
能源,-2.0223649,6.764033
系,2.7866879,-4.7983027
描述,-4.618619,-2.284176
上下,-1.1964852,-1.1017452
农业,-0.10154976,3.234362
提醒,-3.2372327,-2.7426898
办公室,-2.7815228,1.9685973
运动员,1.0860333,1.5417238
盈利,-1.86434,6.107355
铁路,1.2469546,7.0095572
并未,1.7052381,1.4691513
Ｙ,1.1304144,-2.7785523
自身,-2.6014092,0.8207885
应对,0.32608384,2.9231787
少,-8.588164,1.5237348
意义,3.233846,2.2810013
风格,7.928015,-1.6965543
℃,-4.172741,-8.236109
早,-4.032391,3.331081
志愿,2.3924892,-4.0246153
难以,-2.2992942,1.4927367
完,0.21170639,2.877905
停车,-1.4886867,-2.5569856
新增,0.7072327,5.9686613
专门,-2.2094855,2.1709123
再度,3.6240704,4.301266
可调,-5.14842,-5.22978
组合,4.288576,1.3983728
场,0.80930495,-0.4472585
先后,2.8034186,2.9648578
运营,2.5674453,6.1137514
普遍,-3.510021,0.9115382
明星,3.6178393,0.050495267
后来,-1.3164461,-2.2010207
碟,1.8980489,5.0157166
学院,2.5299582,-2.9069657
配合,0.44423252,-2.4393752
相当,1.3781486,1.2038873
开放,0.91362983,4.5206604
飞船,6.0642943,2.6983
期待,0.0966501,0.27754292
计算,-1.7697905,5.2910643
为什么,-4.12683,0.21701239
广告,1.9082555,2.91331
一旦,-2.7296402,-0.75316226
式,5.0024505,-2.2520623
至今,1.8986864,6.878216
台,2.4186075,-1.2197078
广大,-0.47248733,-6.554622
确认,-1.4735392,2.070718
于是,0.20532344,-2.816843
一项,2.593169,2.7464178
遇到,-3.6656697,-1.1679226
预测,-2.8312297,8.476289
迎来,2.5283577,6.877111
飞行,5.175959,1.4956146
幅度,1.2341348,7.0674186
领先,1.1458974,1.8936841
编辑,3.0278597,-1.3397425
感到,-0.043612003,-4.1734867
承担,-5.687436,0.9806112
度,0.39283928,-5.0845747
驻车,0.8568673,-1.8080455
税率,3.9414804,8.849605
显示屏,5.35064,-1.4041511
内置,-1.9092767,-6.98108
难,-7.3459444,1.2247831
汽缸,6.3902745,-2.4422705
高端,4.2452,2.2602983
应当,-3.5757573,-0.7162897
证明,-2.788946,0.61626875
制动器,-3.1052897,-1.3578855
账户,-0.15166928,5.3799973
周,1.055239,0.08857624
垃圾,-0.22328463,3.4839525
试点,2.0040402,4.406628
轮距,-0.760292,3.3759236
净利润,1.4352484,3.5037367
载人,5.790288,4.7904835
有着,1.3288358,-0.8506737
持有,-0.049298294,2.2684016
商业,0.32041806,3.5678644
原则,0.44095677,-0.34250644
单碟,-1.3047365,6.799386
国务院,-1.6667368,3.2686465
开出,-5.3682246,4.75959
品种,1.2746233,6.97423
质疑,-2.3672698,0.32948858
承诺,-0.40368107,6.510943
身上,-3.7482672,-4.179594
分析师,-1.575362,8.772883
发表,-1.9560217,1.5844871
避免,-3.4749787,-3.3787553
联赛,0.31943825,7.154159
职业,0.5280978,-0.51520616
突出,-3.7511024,-1.7070677
态度,2.0458598,-0.1868707
希腊,-4.6426935,7.035976
担任,0.10222578,4.658725
改造,4.330914,3.6220155
日至,5.281662,-0.6247348
蓝牙,-2.429552,-3.8314176
平方米,-1.1329938,3.1314662
即使,-3.8468034,0.24993801
图,0.5105582,2.326269
支出,2.419123,2.0999825
楼市,3.386996,7.853676
油价,0.6938786,8.059677
总体,1.2938675,2.103648
量,0.5937499,4.417775
一系列,4.9246764,0.13699538
愿意,-5.962768,2.3998868
武汉,0.43715996,-0.079996996
赛季,-0.17064373,8.638534
财政,-3.795277,8.60696
石油,2.5782156,11.313935
本届,1.2096636,2.1397614
更换,-3.373694,0.5523135
经理,1.4642804,2.0587282
亮相,8.354239,0.42143044
日起,6.7614613,1.2236757
除,3.6518636,1.8869755
李,-2.7188141,-1.769577
每日,-6.254663,1.6659086
牌,1.9253051,-1.3718468
下行,-2.0960112,4.827407
组成,1.4462963,0.46545917
欧元区,-3.412849,8.677748
情绪,3.4635227,-1.9198165
很快,-0.77584404,0.63629496
万人,4.0249295,-1.0550259
含,-8.822769,-0.7240869
建筑,1.5112512,3.4970193
民众,3.0204787,0.62218046
责任编辑,1.1472324,0.3891927
广场,2.8819191,0.48470187
本文,8.131199,-1.3853852
前后,1.6543713,1.4276664
青岛,0.37718356,1.1558174
空气,-0.49762824,-2.431373
超,0.875424,2.018273
不再,1.4281664,1.5302786
行情,1.9212024,4.999897
股价,-0.9936468,4.966425
最佳,-2.414234,-2.5441277
发言人,-4.6185355,2.4552848
顺利,-1.7471234,2.4369617
具备,-4.7636046,2.092259
公众,-1.6670814,-1.2459705
印度,0.5016075,6.139598
方便,-4.3095236,-4.1117244
讨论,1.6447167,1.8852081
三年,1.4469186,6.2184463
严格,-4.7099533,2.5702372
业内人士,0.8924598,5.9926643
￥,2.031279,-8.50092
设置,-3.7036643,-0.3682431
声明,-1.4006258,9.69663
采购,1.2621517,5.749846
呈现,3.0455582,0.54676926
演员,5.279556,0.18655735
同意,-3.5290427,2.163303
医疗,0.49751893,-0.92427975
两名,0.46822718,-1.289591
紧张,-2.180173,2.733529
仪式,8.514034,0.28663632
货币,-0.2232675,9.10904
轴距,-1.3968945,-3.871717
看来,-3.4167955,3.0761538
常规,0.46734768,2.4197307
程序,1.8935407,3.4901326
农民,0.034083623,0.5418969
马力,4.2125187,-5.8487124
考试,2.6990862,-1.9433181
一切,-0.26881817,0.18000172
是因为,0.8256474,0.11642223
进,-1.4444048,-0.20804204
角色,4.741767,3.8622031
临时,-2.8190105,3.3337753
各类,0.47796252,-0.9464028
深,-4.328922,0.57289934
嫌疑人,4.5565963,-1.0361129
大众,5.740987,-3.1433964
人口,3.1424403,5.5068545
月底,-0.03185719,2.8302882
债务,-3.222068,8.918128
原,-1.036118,1.2967842
时许,1.2780682,-7.357972
救助,-1.6722904,1.025219
回家,1.0270722,-1.8217378
转移,-2.0103223,0.54206836
事业,2.2689908,2.7450392
设施,0.38175556,1.2061733
离,-3.9892275,3.2994835
球,-2.6093667,-2.6291702
燃料,1.2155966,0.85956794
两次,0.8609191,3.8509405
亚洲,0.3855498,4.767983
房屋,-0.57291514,3.2056139
维修,-0.8623945,-0.5848281
我省,1.3263317,2.4315639
万美元,-4.789855,5.448678
线,-0.051644035,1.9874889
收到,-3.9846454,1.555857
理念,7.262309,-1.0984054
秒,0.85619557,-4.102434
文件,0.36270595,6.7436423
值得,-1.906173,-0.13928586
多家,1.2664584,3.2902956
店铺,-0.8232699,-1.8047433
表明,0.4174724,4.8768373
深入,3.4742324,2.5623996
年底,1.5557845,5.0438943
下来,-1.1962525,2.8301005
意外,-0.9461287,-2.3554916
回到,2.2643013,4.656569
各项,2.1018105,2.5073795
房价,-0.018948358,5.630003
驱动,3.7567666,0.49570888
取消,0.01819329,1.5978627
互联网,2.0024679,2.9233503
小型,0.7509925,0.7900141
成长,2.2988942,-0.030294903
类似,-2.652191,-1.5829682
你们,-4.173432,-2.244502
在内,4.27999,1.196686
一号,4.5928483,1.2782416
拍卖,2.0143013,1.927055
显得,-0.29293218,-0.52572906
轿车,9.493069,-2.2245958
合计,0.62569785,2.8711247
地产,0.021398611,8.05478
新疆,0.7198647,1.6722836
损失,-1.8426028,2.2896445
家里,-6.5885653,-2.310871
打开,-2.5172434,-0.76986444
靠,-3.493828,2.12777
发,-4.6764965,3.8526893
稀土,1.2834314,10.241057
天宫,4.1869597,2.9243026
听,-2.4653556,-6.3187976
非法,0.7864113,3.3366005
自由,-2.4865127,0.57918644
形象,5.693632,-0.61623
飞机,5.3345876,2.254114
董事会,-2.5479639,2.6190183
合理,-6.170709,1.8913244
世纪,1.9376502,0.98298025
从事,0.35258582,3.2497044
一是,-0.75397724,2.0187426
赛扬,-5.936771,-8.262188
之外,-3.5049734,2.9065359
转型,5.324017,5.8017745
自填,-8.184508,-13.638574
今后,-1.045653,5.370342
大会,2.2211246,3.738892
集成,-2.3755496,0.79514974
登记,1.4016336,1.3093964
并非,0.09648192,-0.18360847
发出,-2.8286612,0.3760794
号码,-0.2139976,-0.20122926
时期,2.80096,7.2314186
见,-3.6571422,-1.0094852
记录,1.061595,0.6223491
表演,5.46653,-3.3282714
海外,2.25535,6.9847274
大约,-1.247785,7.011665
老板,-1.4564724,2.6006136
河南,0.22983722,-0.31887722
智能,4.890749,-4.770621
优秀,-1.6395726,-0.951342
卖,-7.031658,0.23780043
相应,-3.3023117,3.246095
批准,-5.0779514,5.649694
往往,-3.7103126,-1.3571714
旗下,3.5625374,1.3372866
可是,-2.3994558,-1.9792807
应急,-0.5670077,0.345956
青年,4.9146237,-0.9411204
适合,-3.8639193,-2.8516445
教授,1.0252813,-2.5382528
穿,-5.0002832,-4.889704
引导,-0.005721536,-2.2943203
写,-6.2270026,-2.372298
协调,-1.2484972,1.657969
救援,1.5224718,0.86856234
里面,-5.7913837,-2.2346132
对象,1.925861,2.5698135
信托,-0.9383912,5.2503796
较为,3.1034384,1.0308017
总经理,2.2397852,4.948217
根本,-4.8089967,-0.8261951
媒体报道,-0.8493778,4.6365304
段,3.8070292,-3.8495486
搭载,4.8438234,-4.622472
本周,-1.2246037,4.1469135
期货,0.9885669,7.4238024
氛围,5.689228,-1.0723081
同学,2.5394166,-4.455964
资格,0.13767609,4.169368
几天,0.012463026,1.726059
江苏,0.43750006,0.64201915
测试,3.8838665,-2.2083404
奥巴马,0.47917852,4.9963593
券商,-0.58378965,8.550561
施工,0.6534249,4.525623
高校,0.15030636,2.4595149
排放,-1.891853,-1.4116753
队伍,2.0907748,5.584341
本品,-0.97975534,-6.8124123
夏季,0.16785018,-1.0008798
在于,-2.6402557,0.51358235
书记,2.4312966,-1.2009873
工信部,2.6544964,2.1318302
金牌,0.5640233,5.1374464
交会,6.6632214,3.1846447
真实,-1.1376445,-0.7500817
充分,-1.4400166,0.9619197
特殊,-3.4860075,-1.8694818
县,-4.0638328,1.3221011
车速,-5.820651,-8.221641
律师,-0.98839396,-0.4265056
已有,1.0089334,5.137047
延续,1.042387,1.6841956
不好,-8.272988,-1.3321109
四川,1.0111835,-0.5478368
精彩,2.2178853,-2.1816766
一个月,-1.224192,6.4046144
部署,4.8061767,6.018501
优质,-4.1040177,3.4710069
峰会,1.7056876,6.050718
绝对,-2.006737,-1.6941558
放松,-1.7079499,2.277638
小学,-1.3219382,-2.4554443
评价,-0.56823856,-1.0389042
国外,-2.1392016,3.2700317
评估,-1.8528916,2.985498
大盘,-2.582963,3.4631424
变成,-1.78396,0.47930962
光驱,-0.26503304,-4.741001
电,-2.9432366,2.7285922
所谓,-0.2768837,2.520063
手,0.30204922,-3.9070208
部长,2.2086074,3.9608743
推广,3.4846582,0.12793507
认识,1.4773784,-2.037118
男人,0.26696092,-5.7862306
看好,-5.3749413,1.8246857
拿到,-5.5600266,3.3192964
缺乏,-5.1375613,0.766663
公共,-1.1552349,-0.061795257
营业,0.5337047,4.2403293
中国队,-0.22545965,4.7062297
令人,2.2067845,-5.241152
手机号码,-2.166345,-8.189717
造型,7.060265,-3.636471
声音,2.8316495,-1.4832591
赢得,-0.7752569,-0.19828236
碰撞,6.4876003,-7.315204
欢迎,0.6775251,-5.230836
东风,6.5028877,1.3725667
更为,5.304365,0.4633925
商家,-0.06180699,2.258734
派出所,-0.7146355,-3.5643048
注册,-1.34721,4.8104267
机关,-0.39250994,0.55549103
办,-3.529462,-1.0447892
广泛,-0.8413342,-2.1714535
公斤,0.51868457,-1.32926
九号,5.767311,2.7366502
演出,6.728622,1.1284077
湖南,-0.099630326,0.028660506
有点,-1.528309,-4.56341
完美,2.8320792,-5.1784806
家人,0.7302883,-5.235937
当年,0.59189415,2.608085
毫米,-2.431477,-5.1194406
回升,1.5296983,2.6841362
注,-1.9512829,-3.4734004
万吨,0.59227663,4.425296
执法,1.2133389,-2.811028
放在,-2.3157728,-0.95461357
一周,1.340422,5.7502723
幸福,1.6512823,-3.4800878
理财,0.98834294,3.055692
街道,-1.0024586,-0.70941144
二是,1.1429929,1.0265824
联系电话,0.3317323,-5.885666
交易日,0.043705363,9.784422
配备,0.33966264,-3.6056442
它们,-2.4934886,0.05269153
国债,-0.19838867,11.514405
显然,-2.7607217,0.8923051
环节,2.8347251,3.3677068
实际上,-1.5378288,2.9147177
邀请,1.6852971,-0.17201015
毕业,2.8442225,-0.39839992
四,0.3205683,1.769686
工资,-2.1629755,7.5248466
中小企业,-1.8840841,6.493264
或许,-1.7171698,0.98460567
库存,2.0000198,7.8727956
三星,1.0840106,-1.153683
埃及,1.0882128,5.2727017
团购,4.092897,3.1527228
电力,-1.875422,3.8966548
安装,-2.1241596,-1.3616917
先进,-0.22891386,-1.2546984
一度,-0.20241623,1.8997097
女人,0.135265,-6.3798437
组,1.3646029,-2.6290557
理财产品,1.4114584,6.9889936
这场,-1.086056,1.5986384
行车,3.6769786,-7.034894
辆,7.2211766,-3.3059518
今年以来,2.3505108,3.106525
保险公司,-1.1586052,2.120042
亦,1.5202334,-0.26749438
一批,2.8045855,2.370977
手段,4.052174,2.562231
软件,2.9306414,1.5597209
生命,1.740059,-2.7876894
选举,-1.1920693,5.360999
投诉,0.7194483,-4.9156146
药品,1.679046,-0.8225834
曝光,2.7344756,-1.4407083
理解,-2.6710384,-3.1085737
等待,-2.0494266,3.3281865
拒绝,-1.3189474,0.66700953
营销,4.6795726,2.6069617
寻找,-1.6409553,0.58725244
震荡,-0.24313179,5.0985994
董事长,2.040461,3.1705117
记忆,3.6840935,-2.514386
区间,-1.414722,7.8546743
南海,-0.6663901,4.495303
违法,-1.1563607,-1.187687
成交量,2.8810556,6.1309876
超市,0.27009618,1.4418054
排量,1.9772086,-8.351471
公园,-1.9556612,-0.049146324
地铁,1.1753701,2.8857496
缓解,-4.3405466,-1.1091807
每次,-2.1363337,0.54581887
一边,0.47041044,0.5664326
赶到,2.4995923,-1.6283935
试验,4.8654976,1.6416874
女孩,2.390154,-4.677187
影片,6.7886353,1.5433576
加盟,0.85692877,6.737504
到底,-2.943383,-3.30472
始终,1.456044,0.27263713
那个,-4.4969926,-2.1800578
煤炭,0.25883895,9.532621
房子,-3.4728281,4.1478505
反应,2.008167,-4.373839
手术,2.1431766,-3.4401305
专项,2.1175847,1.896794
股票走势,4.105255,6.0324526
定位,1.9462355,-0.7263311
贡献,-0.24969316,4.4910173
多数,-3.3018208,0.9492025
轻松,-1.1323615,-2.3012521
说法,-1.4407337,3.2116053
大小,-3.8941386,-0.6200029
本期,-2.5023286,2.3836372
达成,0.49790043,4.622732
宝马,7.3878207,-2.6845698
国,1.6596439,3.4488118
＝,-2.1065822,-0.7415764
＠,-1.4037236,-7.3750715
态势,7.4379616,4.723343
年龄,0.3007501,0.36146438
影像,4.6390185,-4.546374
每页,10.962702,-2.4787571
发放,-2.9431996,1.6355375
现实,-0.61841077,1.3985142
底盘,4.1345286,-3.3685741
主力,-0.50887805,6.3606796
预算,0.15877147,8.784983
部,0.5343537,-0.8430136
种,-0.84277606,-7.234694
地点,0.6112915,0.24239035
意识,0.23586097,-3.203638
本报记者,-0.98627627,4.8623567
尚未,-0.52615684,3.9731207
宽松,-2.3210578,5.702203
指导价,-4.538814,-2.3384404
微型,1.7901318,3.6879013
代表团,5.044252,5.686783
基层,-0.8613686,1.2564955
清洗,-6.0289555,-3.797918
有限,-8.358129,3.8163965
越,-0.4216953,-1.9497646
主场,-1.5805942,3.273399
绿色,1.4111549,-1.7674965
制,0.3980329,-1.5003427
动作,5.7384915,1.6529254
高于,-0.58166915,4.3445106
颜色,1.177755,-3.2550015
豪华,4.607211,-2.1090906
回购,-0.398983,9.225519
平时,-2.3535726,-3.1043146
广西,0.6888175,0.38206896
事实上,-0.28739426,3.900239
广州市,-2.6082222,-0.6210773
大赛,3.5890052,-0.5155964
创业,2.276961,1.7547402
建成,2.2128034,7.3049526
初步,0.07221209,3.1649365
二季度,0.80897176,4.382192
能否,-0.67548525,1.8385696
住宅,3.3309903,5.7115483
地位,1.9736605,5.3238826
名单,0.88752186,6.178899
为此,0.9806274,0.9848213
每月,-1.6976196,3.92453
热线,-0.30301204,-4.10029
银行业,-1.3395513,10.697915
做到,-1.7258673,-0.5319252
第三,-0.5068373,1.654142
评论,-0.38742658,1.9939451
黑色,1.580985,-4.5212073
开发商,-1.0826391,7.1891522
她们,-0.72344095,-3.186861
几年,1.6955181,5.9249177
证实,-3.3662179,2.149793
继,7.526379,0.9589975
地震,5.1725416,0.11806722
多名,0.5307318,-2.0096812
奥迪,9.221963,-1.1189127
打击,2.680897,-0.22389886
允许,-5.340785,2.3134303
据介绍,4.2253633,1.8047268
分红,-0.7211108,2.826098
亏损,0.84858143,7.5670743
头部,-0.48411423,-5.838507
当中,-1.0271188,2.2100973
冲击,1.4224219,2.0906534
率,2.685269,2.5025167
刘,-1.1313041,-0.83201486
涉嫌,0.03287843,1.1245619
强化,0.604259,0.68669957
沟通,2.1664681,-1.7164618
变得,0.01552002,-0.7999059
必要,-3.8208358,2.882789
售价,1.9324812,1.8686786
一方面,-0.054706044,1.9236786
跌,-3.8160884,-0.25663263
判断,-3.8500178,1.8388337
西部,-0.60535365,5.613577
留下,-5.8368793,-0.79312617
门,0.27091148,-3.547478
一致,-1.2525212,-2.27174
阳光,-1.2233654,-1.6725768
首席,-0.39859235,4.4099684
成熟,-1.9625827,2.8569956
前期,-0.8528024,5.763635
转,-2.708108,-1.200897
查看,-1.9242817,-2.9443166
两市,1.7386119,3.2158623
成果,6.308688,4.8496966
看看,-1.9200543,-4.5310626
航天,3.1067567,1.6787945
太空,2.6500843,3.7895772
充满,-0.00381976,-1.9615353
认真,-1.5058838,1.3867025
套,0.20913282,-2.6689684
本身,-4.6374607,-1.2755262
签约,2.2959478,6.6268396
件,0.23759894,-8.687467
经典,5.41799,-3.4556031
房,-2.0429757,3.181971
食品安全,-1.7275997,-0.7503267
别人,-4.8164587,-4.089348
另一方面,-1.0501598,3.680839
依法,0.4840519,-1.5099387
反对,0.3940228,-0.5241116
海域,4.4951196,6.633587
拟,1.6932038,4.3287034
报警,-1.5174221,-6.9852448
预警,-2.0983841,3.2299979
讲,-4.6075044,-1.5933285
陈,-1.8263191,-1.5676684
出租车,3.270371,1.0554317
大学生,3.2107935,1.1954083
长沙,0.2911524,-0.7941662
强大,-3.7967448,1.0793946
火箭,0.6046434,6.931659
策略,4.579052,7.56853
合格,-4.7468367,-1.337404
对外,2.3197324,5.9647827
作业,1.8543398,1.4464196
花,-5.2735767,0.9057387
名称,-0.004983451,-0.17716418
全年,1.7152549,6.2007055
美,1.2136306,2.4360206
期限,-1.1078798,10.438887
知识,3.4454641,-3.1749678
心理,0.2486337,-2.4067364
知名,-0.30725187,1.563906
进球,-2.4178858,1.7963263
行程,3.3210645,3.9244351
克,-4.1329536,-0.26246017
领取,-3.1931145,-0.7648082
德罗巴,-1.8270924,6.175977
供应,0.28309432,4.605588
无疑,1.8173805,-0.36555922
陆续,3.4290388,5.013757
此时,-1.0873612,-0.015566189
本人,-1.5347424,-1.8059477
签订,-0.86147046,5.035808
,1.9193616,-0.9936988
点评,2.801187,-4.395316
治理,-0.61613435,0.30555418
食物,-1.9756821,-2.0164874
巴西,-1.3310672,7.8398213
年前,0.94238245,-1.0706376
控股,-0.54123724,2.4138632
危险,-4.5235376,-3.9245682
交警,2.7186782,-5.803711
业主,-1.1346334,1.359798
丈夫,1.2883804,-3.7802563
车体,1.3963256,-1.0053738
细节,3.760244,3.553684
工人,-0.7129045,5.710194
审批,-1.5402179,6.8190565
防止,-3.3946826,-3.6944046
制造业,6.9131565,4.0251923
拉,-2.9300487,-3.0428543
缴纳,-2.439589,2.0209043
巡航,8.746651,3.4968882
角度,0.8728742,2.5147126
日常,1.353238,-0.5639555
蔬菜,0.7667322,4.9978757
粽子,1.4909546,2.4975102
就要,-1.1547143,1.5249176
杨,-1.9273965,-1.764028
年代,4.0958714,1.3578606
放弃,-1.1525223,2.5411594
工具,1.5985165,2.5914652
文章,1.4375899,3.2217498
开幕式,3.034058,3.2363186
梦想,5.1050706,1.2192719
证监会,-1.6853489,5.649821
热情,2.4857504,1.5380471
多种,0.13633612,-5.0146847
品质,3.53111,-2.5501113
表达,0.4597164,-2.8993402
年内,0.6193084,4.9195395
标志,2.8250043,-1.8575832
发射,3.915784,5.21828
电价,1.0528895,2.2397254
钓鱼岛,2.4380505,8.366284
万辆,7.8486238,0.2129452
调研,3.4634786,2.9572093
局面,4.8401375,6.132969
涉水,-2.5011175,-3.102465
生态,0.53814,-0.98891515
低迷,-2.3760505,4.926362
旅客,6.3137746,0.63910323
现有,-2.5547667,3.8329816
覆盖,1.64966,1.4388936
尽快,-1.7547293,2.0417075
做法,1.7858027,-1.0420065
有利于,0.011599314,0.99425954
凭借,4.023609,-0.2421866
总是,-2.5158691,-2.3247747
盖,-5.8315606,2.4424686
竞争力,2.3879592,7.140251
长度,-2.9578495,0.7694927
可能性,1.0670844,5.2167144
定,-2.6722178,2.324841
格局,3.9831674,6.428616
事发,-1.166404,-1.4277803
利好,-1.4074475,3.6073658
主演,8.550122,-1.0035057
放缓,1.5159872,4.523998
引进,-0.12128967,6.655323
承认,-1.7604245,3.799814
联合国,-1.599446,4.700169
带动,1.8955989,2.1527536
接触,1.247198,-6.4066286
以往,0.99584365,1.6001247
停止,0.33227092,2.8288288
信贷,0.5585947,8.163017
地面,-1.837659,0.73557466
按摩,0.60284567,-4.9659133
海南,0.90120196,1.1915671
掌握,-2.4601967,0.8029492
无论,-3.854497,-1.449015
澳大利亚,-0.96165,5.0136456
回,0.4202419,3.665198
依旧,1.2573866,0.63698274
不够,-5.464195,1.617434
城,1.621961,-0.34916317
一部分,-1.5845866,2.9402542
帮,-0.44437444,-0.92575353
募集,-2.3471906,3.270903
退休,-1.0952188,6.3312345
灯光,2.3296297,-1.8036894
担保,-3.264838,5.34134
增幅,3.5684896,2.7508354
马,-3.3554711,-0.53590107
路段,2.7502625,-0.76349616
多功能,4.566139,-4.296681
追求,1.7500317,-3.033915
出色,-2.09329,-1.6184757
周边,-0.9290291,0.050789315
爱情,3.40519,-3.6982718
强烈,-2.65116,-3.307254
加工,1.8598615,3.8610334
一季度,1.3890013,5.250589
加,-3.5825422,0.46995857
签署,1.0775636,5.6598206
局,-1.4043393,1.1361814
公路,1.101485,0.15475947
贵州,-0.70497066,2.6357133
雷达,3.774652,-0.36352783
职工,1.6110702,0.4503101
赛事,4.9724407,4.1947565
转变,3.5576088,1.2094742
车窗,0.30771336,-3.3412497
电视剧,4.8701386,1.4451568
航空,4.106788,3.8345006
赔偿,-2.9856575,-3.0045524
激烈,-0.7369828,3.346107
气温,0.32579055,0.7750558
与此同时,1.8032508,4.0393996
股东大会,-0.75221837,1.3132281
回答,-4.0670953,0.97174656
城区,1.0265125,0.74634206
制动,1.0339565,-5.8753896
教师,1.0897049,-1.1215674
胜利,2.4583344,1.9146215
大陆,3.1962569,4.1878066
此事,-1.1325574,1.3605118
构成,-0.8512457,0.69562143
民生,1.3502179,1.3730903
袭击,1.5150512,0.48864484
培养,0.16552565,-1.3687483
笑,-4.641877,-3.3602178
微软,0.6668552,5.815167
幼儿园,-2.946129,-1.228799
身边,-1.0216788,-4.0411797
民族,0.807287,-1.454781
股指,1.3273188,6.8730855
景区,1.4920983,2.303608
无论是,-2.0538626,0.15660858
助力,3.1792407,-0.010883048
人群,5.8063416,-1.4206567
不得不,0.601902,3.1589808
党,2.3407824,1.7397549
楼,-2.0409164,-4.4777584
买入,-3.8677592,7.641053
固定,-4.243524,1.4932708
丰田,7.3690076,-3.3862202
促销,4.8952475,3.1310408
一路,3.0768378,0.5009441
高级,-1.1391053,2.0700972
听到,-1.7029563,-2.4375181
一步,1.8404512,6.0524697
联盟,0.3489614,3.5872893
总理,2.330144,5.2962255
监控,-1.2627646,-2.0770245
欧债,-3.0126114,7.4363875
宽度,-4.9902797,-0.4814116
金融机构,1.0220512,7.0759025
养老金,-1.4014,9.456993
禁止,-1.0960397,-0.52495325
本月,1.4859973,4.2019634
远,-7.9613495,3.4184735
境内,0.552898,3.019395
纽约,-2.4649343,3.48417
紧急,-0.50938535,1.7443066
小组,-1.3878212,5.237321
原本,-0.8936185,0.6780746
硬盘,-0.25724334,-7.101684
规则,1.4939401,3.8346856
一线,0.1851425,4.1814337
担忧,-2.1221638,2.4399002
人物,4.3540893,1.4567152
暂时,-3.0048282,3.5641499
最为,4.9846716,-1.274806
两岸,1.2461802,0.49147537
观察,-3.2615469,1.3399832
首都,1.8645843,3.2912621
集体,1.1794018,1.6859583
不可,-4.87156,-0.2914434
高低,-2.7155025,-2.2946105
货币政策,1.8051507,9.548179
线路,4.5638924,1.7879953
稳,-1.6104739,6.970494
清楚,-7.749772,1.6499239
新车,6.2859535,2.965287
即可,1.2686704,-1.5116951
涨,-4.864802,0.8332004
物流,2.4811149,5.845963
整治,2.8093257,-0.67997813
化,2.8698213,-0.45343468
基准利率,0.32828286,8.03718
为何,-3.2041974,2.1366975
两天,0.823613,3.5555282
教练,1.0590209,1.5608957
直到,0.69258416,1.8299924
上演,3.842856,-0.047820956
各级,-2.5975802,1.4756213
工厂,4.569417,5.811571
自行车,4.609206,-0.30975008
加拿大,-0.7455416,4.1747847
围绕,2.4605122,2.52639
私募,-3.7937062,3.5688922
理由,-0.60726994,2.7141354
中新社,6.199892,0.51232743
游泳,-2.0967638,-2.559644
第一个,0.09003297,1.2060115
和平,1.2851219,0.5835996
重视,-4.4576774,-1.7882688
整合,1.0912095,3.4618182
配套,-0.8260022,2.7785525
人生,3.5914342,-1.5192639
中午,-2.297362,-2.1156135
毕业生,1.9079896,2.7238545
释放,-1.3806715,1.6461911
机身,-1.0639745,-1.7005869
轮毂,2.2266119,-2.5835428
抵达,5.7705207,4.811914
依据,-2.155233,2.1215389
运输,2.0893762,2.3795457
生物,0.6694868,-1.0025606
遭到,-1.688932,2.261361
到来,1.5035763,5.333819
参赛,0.82622766,0.9826495
总额,-0.49381056,6.2387266
真,-3.1140573,-3.520399
四个,2.9866529,3.4362285
灵活,-1.3917495,0.50860786
日期,1.6032643,5.1757474
两位,1.7703049,-1.9355296
回来,-0.7926808,3.1202443
焦点,0.7754144,2.018545
中学,1.0015097,-4.1313524
得知,0.3405084,0.18911867
多媒体,1.2962924,-0.7044998
波动,-0.563185,2.2140841
话,0.72080714,-1.9519104
理论,0.59919643,1.770177
未能,-0.5053479,2.6264884
毒品,5.6497636,0.7055978
月初,-0.2639852,0.7771472
经费,1.2310209,6.245554
查询,-2.6410685,-5.092334
警察,0.108502485,-0.41521582
信用,-4.8980412,3.943004
合约,4.6850677,7.292446
红,-0.28167576,0.12518752
怎样,-2.9713318,-1.605505
去年同期,-0.78345466,2.6367464
还会,-0.42585054,0.2699941
主,-1.2873579,0.59338605
争议,1.6789271,0.44452265
背后,-1.1644741,0.929957
发改委,-4.1028876,9.3808775
值,-1.9957485,-1.9885707
恒大,-2.6283164,8.431385
审议,-1.6714908,-0.2897482
走进,3.6107647,-0.97147614
威胁,-1.1532633,0.6043355
正面,-0.9596086,-1.0936167
进攻,0.6953129,3.9128292
独特,1.7693346,-3.5611138
整车,6.3953834,2.024058
补充,-5.489212,3.8554347
称为,-0.31499094,-3.3019352
东方,-1.4032117,0.8286181
济南,-0.72009957,-0.6345528
首发,-0.31001192,4.6182423
后视镜,5.7932835,-4.449286
不用,-4.6233134,-1.4877385
实习生,-1.6597537,1.3923709
街,-0.35901788,-3.475691
产能,3.700834,10.681234
皮肤,-2.960534,-6.517612
率先,3.107518,2.8221526
申购,1.0315225,1.598692
新股,-1.1429603,6.491517
红色,1.7719973,-2.7653153
净,1.5382532,4.219277
宝宝,0.8858375,-5.0988054
排列,-0.6288521,-1.1876174
沈阳,1.9899111,0.09517964
权益,0.14909706,0.13284718
习惯,2.1652012,-2.1353998
养老,-0.7306878,3.1029077
信号,1.1946697,3.165025
降,-3.3110805,1.1164186
广东省,-2.2047315,-0.80298924
公交车,2.9003854,-4.2618623
结婚,2.7180753,1.762677
上年,0.35926905,-0.3730375
优化,3.1251605,1.4037884
驻,5.4083567,5.5044503
昨晚,-2.1388693,-1.3699392
爱心,-0.3160283,-1.8503892
纳入,-0.6311786,0.65897894
事项,3.464161,4.433875
通道,1.3133193,6.173878
不管,-5.3851557,-3.3240361
事实,0.6553443,2.606209
一部,3.3296926,-2.6174943
评级,-4.676424,7.4864197
压,-5.4746704,-2.845022
流动性,-2.169419,9.432339
我市,1.4893245,1.4332415
音响,-0.35545233,1.177161
赴,9.819772,7.6747527
十二五,0.77327204,7.3791785
饰演,4.6399674,-2.018095
认定,-2.5311506,-0.99282193
医保,-0.09071538,0.5989988
适用,-4.2342596,-3.6290193
也许,-2.576123,-1.1506948
通信,2.454799,1.9071468
作,-1.6560407,1.7576376
舞台,4.5132704,1.6079609
予以,-1.6415164,1.901075
半年,0.8847333,6.911258
发起,1.4045626,1.3915823
处罚,-1.4228842,-1.2996156
年轻人,3.2063124,-0.64613366
图形,5.4215326,-1.3451533
限购,3.3333626,2.6550834
暑期,3.4304206,0.85509634
抬头,-2.8448439,-1.9576802
关心,-5.995006,-3.5421503
届,4.4281864,-3.078628
白色,-0.2663105,-4.5272903
份额,2.9851096,4.098955
市长,3.7402694,0.026588498
复杂,-3.024582,0.16017036
检验,0.27768442,-1.8095719
海洋,1.6465639,2.1843076
气门,0.35103688,0.85608554
没想到,-2.8003588,-2.9891095
罗,-4.435784,1.2302196
通风,-4.329091,-3.434174
东部,-1.0878148,4.548645
之中,-0.20647678,2.7814355
玩,-1.1692241,-5.425081
之声,-4.118646,0.9114573
条款,1.9938843,3.2883198
总量,2.5495877,4.697238
遭,-1.6506908,1.9037684
乐观,-5.594523,3.2279289
积水,-3.2665186,-0.61051565
验证,0.20817585,2.7660215
收盘,-0.72855324,1.8837067
一体,2.0180798,-5.368683
差距,1.4239815,5.5521493
询问,-2.1827137,-2.1432524
安全带,-0.29955363,-8.274232
喝,-4.9694586,-7.330627
名字,0.7886727,-0.6552819
投票,1.1668341,-0.3485442
填写,-0.43709463,-2.7144644
年初,0.7516937,4.614452
奔驰,7.1727524,-0.69422877
董事,2.4479673,1.6329454
持股,1.7497314,2.3789144
间隙,-3.115127,1.4196068
一片,-0.8791946,0.29913136
中控台,3.3767884,-2.9686875
短信,-1.5770175,-2.6977313
马上,-2.2377791,-0.1768941
实践,5.338344,2.101626
星级,-2.3575232,0.5328588
主任医师,4.175669,-9.360477
奖励,-3.4499197,0.56622344
扬声器,5.3364043,0.46705833
家中,-1.7146153,-3.0816839
走访,2.853689,0.6684214
乘坐,2.6165805,-4.9272556
大多数,-3.033085,-0.47737426
快递,0.18912567,7.0264883
小幅,1.3149097,6.0330267
路上,-2.1235294,-3.8474333
估值,-4.547975,4.977012
电视台,-0.19845483,1.3888482
医药,0.6809434,-1.589741
免检,9.69438,-15.584146
观看,1.2556583,-3.4009552
休息,-4.1523137,-0.067801975
清理,-2.8604279,2.8573177
带领,2.8619921,2.277319
准确,-3.7358744,1.5978303
见到,-1.304517,-2.0796494
公安局,1.7334211,-6.186889
差,-8.596525,-1.0737807
美联储,-3.389022,8.449322
输出,-0.7932412,-5.666138
防汛,-2.730789,5.084853
岗位,2.0773547,6.761258
换挡,2.7349887,-6.592546
等等,-1.3398048,-1.606428
显著,-1.754264,1.9112309
行李箱,3.0618021,4.691867
黑牌,7.1534195,-12.107123
探索,3.4273412,2.054438
观点,1.9958931,2.269691
市区,-0.06595018,0.24015875
高清,-2.004106,-4.458129
药物,1.7950643,-0.71212536
文明,3.731364,-5.6716385
一件,-4.10541,-5.474303
竟然,-1.9878119,-2.6248577
长城,1.7061543,0.9251115
坐,-2.2890055,-4.8108644
衣服,-1.7539291,-3.126279
很难,-2.6251092,0.4045145
是不是,-4.32045,-2.3644018
的确,-1.153455,0.42112002
领导人,3.4261913,6.3235455
喇叭,1.910602,-1.3233228
大规模,-0.49685192,7.793134
南部,1.0253432,3.0121057
湖北,0.3476025,-0.6305527
数,-0.84178907,4.280238
一块,-2.3208404,-0.9362269
摄影,1.1569675,-0.95583045
开幕,2.0532918,4.723763
所在,-2.6899333,-0.8716502
笔者,-1.1618443,0.020017412
订单,6.621452,8.701181
财富,2.5530684,5.794334
各国,-2.6655037,4.527756
发光,-1.6008276,-4.414074
万公里,2.6532347,0.6901825
各方,1.1316836,2.4492846
包,1.1381664,-0.7923554
失去,-3.47799,0.46190894
热,-7.049178,0.3194997
共计,1.5212308,0.42011815
