,name,1dx,2dx
0,构造,-0.05703716,-0.5148557
1,岩石,-0.5237662,-0.63645387
2,地层,-0.10604412,-0.7558591
3,特征,-0.30817515,-0.5693906
4,呈,-0.40115735,-0.6730735
5,分布,0.103996426,-0.8977691
6,火山岩,-0.5415744,-0.56942683
7,砂岩,-2.053387,-0.27838668
8,世,-0.20840225,-1.1987888
9,变质,-0.23269287,-0.22640347
10,岩,-1.3362914,-0.43136573
11,结构,-0.88434803,-0.7962602
12,形成,-0.1417975,-0.74355197
13,测区,0.06285249,-0.83771694
14,发育,-0.30737364,-0.60611886
15,组成,-0.93771285,-0.6962687
16,三叠,-0.29443884,-1.4176787
17,含量,-0.41418743,-0.8401054
18,灰岩,-1.6374644,-0.28643343
19,火山,-0.8024486,-0.19688214
20,石英,-0.95401055,-1.0018039
21,地质,0.122044176,-0.823124
22,花岗岩,-0.44572946,-1.0755312
23,矿物,-0.6820068,-0.76742226
24,灰色,-2.1266,-0.37398252
25,状,-1.1155725,-0.5586713
26,层状,-2.564958,-0.46873018
27,斜长石,-0.8332074,-0.9817542
28,长石,-1.9024106,-0.55021966
29,组,-0.7812094,-0.4529025
30,°,-0.59255534,-1.6750596
31,接触,-0.22588378,-0.51184946
32,作用,-0.03229023,-0.38255253
33,夹,-2.303148,-0.12274862
34,区域,0.069065996,-0.6971551
35,玄武岩,-1.2044859,-0.54909575
36,碎屑岩,-0.9676749,-0.14465149
37,区内,0.025489261,-0.8555709
38,一带,-0.14217027,-0.8287002
39,组合,-0.48064172,-0.51094544
40,混杂,0.45045233,-1.307115
41,为主,-0.8891025,-0.48088205
42,二叠,-0.44510114,-1.2212131
43,变形,-0.1383126,-0.46028525
44,活动,-0.16206658,-0.60826045
45,稀土,-0.2697776,-1.0162287
46,均,-0.30813968,-0.7088989
47,灰绿色,-1.6050385,-0.39688033
48,沉积,-0.3907815,-0.52430344
49,云母,-1.1209565,-1.2724427
50,少量,-1.0742998,-0.58197606
51,侵入,-0.4012253,-0.6720832
52,环境,-0.2543685,-0.6713767
53,绿泥石,-0.89775246,-1.1870528
54,断裂,-0.010854436,-0.741969
55,细粒,-1.9459125,-0.6208523
56,岩屑,-2.062063,-0.5142127
57,多彩,0.4142894,-1.1375141
58,盆地,0.06644859,-0.8067963
59,时代,-0.24269076,-0.87261814
60,化石,-0.268122,-0.9988998
61,绿,0.67336315,-1.3840325
62,青海省,0.056090355,-0.96105474
63,划分,-0.24120797,-0.6510871
64,板岩,-1.8706459,-0.17521952
65,基质,-0.84533685,-0.8091766
66,岩浆,-0.13802044,-0.6142649
67,辉石,-0.6507257,-0.8439245
68,结扎,-0.22573483,-1.0789782
69,蛇,0.6715702,-1.1988144
70,整合,-0.5834204,-0.6924477
71,±,-0.044448502,-0.7744751
72,蛇绿岩,0.06085308,-0.6662242
73,剖面,-0.13812518,-0.88494676
74,期,-0.26383376,-0.72420615
75,绢,-0.6720598,-1.1664505
76,变质岩,-0.2355143,-0.396227
77,熔岩,-1.2601966,-0.44851616
78,黑云母,-0.6946757,-0.81371516
79,成分,-0.9167101,-0.52209336
80,侵入体,-0.321065,-0.817009
81,褶皱,-0.18950458,-0.64974463
82,出露,-0.14128385,-0.62757117
83,岩体,-0.3625962,-0.7547121
84,岩性,-0.84549826,-0.4652316
85,巴塘,-0.22208764,-0.8659865
86,局部,-0.4418927,-0.4516622
87,安山岩,-1.1638138,-0.34005833
88,断层,-0.33294335,-0.56850517
89,成矿,-0.32346123,-0.9237075
90,石英砂,-1.7726873,-0.44141513
91,地区,-0.1552948,-0.8708233
92,工作,-0.25102502,-0.9306829
93,北西,-0.004654246,-0.59059894
94,元素,-0.26445383,-0.87608194
95,之间,-0.28901103,-0.7266771
96,∶,-0.19327779,-1.0026022
97,厚度,-0.60102475,-0.557604
98,闪长岩,-0.7785971,-0.87768507
99,凝灰岩,-1.3664758,-0.36194485
100,属,-0.54304314,-0.58716136
101,富集,-0.14374763,-0.7965045
102,深灰色,-1.5513247,-0.48103777
103,粒状,-0.7363808,-0.66398066
104,10,-0.38735548,-0.7254413
105,微量元素,-0.3263024,-0.60055506
106,特点,-0.30739605,-0.5838566
107,异常,-0.23685548,-0.66854954
108,角闪石,-0.55762374,-0.7828975
109,图解,-0.44186834,-0.95684546
110,进行,-0.19968499,-0.7382425
111,斑岩,-0.3988989,-0.89553666
112,灰,-1.5557885,-0.4693916
113,调查,-0.15807183,-0.84012604
114,含,-0.8117547,-0.5247918
115,生物,-1.1198624,-0.4538301
116,⒉,-0.7016474,-0.4657178
117,化学,-0.25018236,-0.45369127
118,样品,-0.50557816,-0.7484757
119,变化,-0.3738724,-0.6130841
120,展布,-0.004918732,-0.53406405
121,层理,-0.6797511,-0.45233044
122,尕,-0.33561322,-0.8474001
123,单元,-0.17535293,-0.67701393
124,⒈,-0.61691076,-0.55704075
125,演化,-0.22093594,-0.63813376
126,分析,-0.24528947,-0.6237638
127,曲线,-0.24141808,-0.94108456
128,碳酸盐岩,-0.6383209,-0.34827068
129,表明,-0.24353921,-0.6013933
130,浅,-0.9741849,-0.41477472
131,巴尕日,-0.6347434,-1.0064298
132,出现,-0.47536588,-0.68313813
133,带状,-0.32281208,-0.52934235
134,⑵,-0.32611302,-0.5126829
135,铜,-0.36860338,-0.8614943
136,碎屑,-0.99257433,-0.29376668
137,薄层,-1.5730745,-0.4819033
138,块状,-0.30532792,-0.3817434
139,蚀,-0.5938415,-0.49577302
140,⑴,-0.31235644,-0.6214988
141,程度,-0.21884154,-0.57621735
142,保组,-0.5367524,-0.8520042
143,酸性,-0.7217497,-0.33949006
144,植被,-0.40951437,-0.7315008
145,发生,-0.36526787,-0.8063969
146,总体,-0.33480522,-0.59664315
147,质,-1.4186088,-0.41231483
148,控制,-0.15311302,-0.474198
149,δ,-0.4006862,-0.7800736
150,矿床,-0.30244392,-0.8338869
151,硅质,-0.7257016,-0.47640017
152,年龄,-0.20220448,-0.74001783
153,辉长岩,-0.43618885,-0.52577436
154,通天河,0.14595813,-0.7892851
155,K2O,-0.26237476,-0.7814929
156,碱性,-0.5185565,-0.65959144
157,″,-0.5184748,-1.0927751
158,矿化,-0.33877876,-0.6993737
159,基性,-0.7365302,-0.3471873
160,动力,-0.119462386,-0.3796689
161,岛弧,-0.26836714,-0.5021955
162,绿帘石,-0.4569225,-0.71359795
163,构成,-0.3988516,-0.6941082
164,斑晶,-0.49163154,-0.6058928
165,韧性,-0.1469547,-0.5422881
166,早期,-0.26631448,-0.59851086
167,糜棱岩,-0.53359336,-0.5004565
168,涌,-0.068878084,-0.88353145
169,一套,-0.5374043,-0.43522248
170,带中,-0.044791058,-0.6034325
171,粉砂,-1.433702,-0.22282694
172,围岩,-0.3091294,-0.4977902
173,位于,-0.13564724,-0.76485145
174,理化,-0.67383456,-0.21265656
175,紫色,-1.1611423,-0.49346814
176,Qz,-0.28336126,-0.63225496
177,⒊,-0.5861344,-0.46456346
178,考组,-0.33649263,-0.70396197
179,资料,-0.24115841,-0.5740073
180,贡玛,-0.23261768,-0.82687503
181,结合,-0.2189809,-0.6390774
182,见表,-0.3400935,-0.59013826
183,解译,-0.2724623,-0.719528
184,系列,-0.41330525,-0.6695092
185,纳日,-0.21798885,-0.69062346
186,表现,-0.29979175,-0.53789294
187,产状,-0.33667672,-0.7013465
188,气候,-0.3703484,-0.6213809
189,杂多县,-0.16733077,-0.79647946
190,砾岩,-0.8958745,-0.38638753
191,产出,-0.33066395,-0.538477
192,影象,-0.3253161,-0.6451255
193,配分,-0.158218,-0.7825505
194,SiO2,-0.29417297,-0.66164225
195,面积,-0.15410613,-0.50236017
196,阶段,-0.28192842,-0.7029227
197,微粒,-0.61673945,-0.74141914
198,喷发,-0.28951433,-0.47204256
199,片,-0.7240604,-0.36402127
200,花岗,-0.45510945,-0.6348017
201,爆发,-0.31722507,-0.43334025
202,土壤,-0.32629496,-0.5782866
203,形态,-0.26324007,-0.53408116
204,地貌,-0.19573069,-0.57198197
205,占,-0.52434886,-0.7071488
206,Na2O,-0.17667398,-0.7378371
207,较大,-0.2426654,-0.5189699
208,mm,-0.31691417,-0.60827607
209,金沙江,-0.2559601,-0.6502299
210,单位,-0.14912426,-0.38875046
211,生态环境,-0.31977957,-0.7225951
212,变晶,-0.4939788,-0.551356
213,规模,-0.2755092,-0.5345349
214,后期,-0.18236803,-0.4380262
215,Eu,-0.19021477,-0.63548625
216,地段,-0.38674188,-0.52545476
217,交代,-0.2458532,-0.54732
218,普遍,-0.32139772,-0.36106417
219,片麻岩,-0.47265154,-0.4379025
220,⒋,-0.6387443,-0.386739
221,矿体,-0.32002512,-0.5473175
222,轻,-0.12124663,-0.4948775
223,地球化学,-0.2949981,-0.43931174
224,韵律,-0.38918424,-0.34482074
225,Pb,-0.33291918,-0.7747571
226,不规则,-0.39218122,-0.4663708
227,片岩,-0.5190398,-0.40978104
228,方解石,-0.52470267,-0.6392613
229,砾石,-0.42260578,-0.5607798
230,25,-0.21278884,-0.62201244
231,堆积,-0.33476818,-0.6335351
232,改造,-0.21101996,-0.4686315
233,磁铁矿,-0.3868986,-0.53169894
234,钙,-0.42627037,-0.49223027
235,三叠纪,-0.07886587,-0.5517139
236,杏仁,-0.48021278,-0.3160396
237,胶结,-0.5665019,-0.57405096
238,流纹岩,-0.7214326,-0.35612252
239,钾长石,-0.5213031,-0.66744524
240,海拔,-0.28154105,-0.49460745
241,乌兰,-0.19652453,-0.6174659
242,柱状,-0.35660225,-0.52142555
243,虫,-0.40219942,-0.5366345
244,笛,-0.20857997,-0.49275765
245,角岩,-0.3660624,-0.46707404
246,印支,-0.21199962,-0.5649998
247,侏罗世,-0.20418529,-0.5056326
248,测,-0.116905175,-0.6167866
249,本次,-0.096283324,-0.55965006
250,石,-0.45360473,-0.4706561
251,紫红色,-0.89168,-0.41751048
252,腕足,-0.26810795,-0.655773
253,黄铁矿,-0.4732323,-0.7130659
254,较为,-0.24089785,-0.4683711
255,岩浆岩,-0.08189096,-0.38040462
256,阳起石,-0.43368787,-0.5995201
257,当江,0.08495182,-0.6648177
258,凝灰,-0.8419819,-0.34295782
259,角砾,-0.5683448,-0.3342805
260,巴颜喀拉山,-0.2132686,-0.4672291
261,一致,-0.14075202,-0.45629412
262,条件,-0.2621983,-0.6184206
263,⑶,-0.23972361,-0.41163787
264,期次,-0.23647738,-0.42821366
265,附近,-0.16171288,-0.54150194
266,晚期,-0.2862827,-0.6022031
267,钙质,-0.7845118,-0.31964627
268,方向,-0.29404652,-0.6241671
269,变余,-0.523851,-0.41413882
270,沱沱河,-0.33127102,-0.49333748
271,基性岩,-0.4071299,-0.5505522
272,MgO,-0.27463746,-0.6420622
273,治多县,-0.016900355,-0.66568905
274,青藏高原,-0.21933794,-0.6445639
275,剪切,-0.18832849,-0.44730082
276,Al2O3,-0.1656721,-0.58492714
277,说明,-0.24446706,-0.5016861
278,层序,-0.40229023,-0.39060006
279,更新世,-0.28129968,-0.63664514
280,热液,-0.3186142,-0.56232923
281,辉绿岩,-0.37039453,-0.5227736
282,波里,-0.2850222,-0.65345967
283,33,-0.3769599,-0.8261481
284,15,-0.31134272,-0.49340066
285,建造,-0.32133263,-0.29028913
286,溢流,-0.30716607,-0.42104477
287,物,-0.5233316,-0.6348735
288,幅,-0.098298304,-0.6131854
289,旋回,-0.2699125,-0.39902636
290,古生物,-0.19064519,-0.5153308
291,晶屑,-0.6533344,-0.3263232
292,半自形,-0.39251712,-0.42859852
293,拉组,-0.28346056,-0.58737934
294,粒度,-0.2806034,-0.44379678
295,高山,-0.3626644,-0.7266828
296,铁质,-0.3989338,-0.4393397
297,成因,-0.27555582,-0.5126467
298,涌曲,-0.20828263,-0.6554709
299,高原,-0.37977505,-0.63932806
300,Yb,-0.18027763,-0.5125634
301,灰白色,-0.62534106,-0.34601694
302,冰川,-0.2599864,-0.5336922
303,空间,-0.20868056,-0.55995023
304,大于,-0.3094718,-0.54015934
305,同位素,-0.11087215,-0.5282419
306,南东,-0.022455122,-0.41257727
307,稀土元素,-0.2614118,-0.46726084
308,放射,-0.3845429,-0.47079965
309,产物,-0.26229784,-0.4805056
310,比值,-0.25765336,-0.56074464
311,走向,-0.23980823,-0.5070836
312,主体,-0.1894814,-0.3930255
313,西金,-0.12087649,-0.50630724
314,矿产,-0.2505012,-0.6623839
315,广泛,-0.17837906,-0.46236813
316,岩相,-0.26622653,-0.43803048
317,锆石,-0.3229277,-0.5830405
318,诺日,-0.37227994,-0.6301763
319,扩张,-0.32997942,-0.61563516
320,查涌,-0.003176644,-0.5855519
321,地壳,-0.27629894,-0.5713438
322,双壳,-0.29212397,-0.61665916
323,变为,-0.37631926,-0.5847464
324,多数,-0.28938356,-0.55998236
325,斑状,-0.3073686,-0.29276872
326,侵位,-0.20472103,-0.5265454
327,岭,-0.34110212,-0.70209855
328,二叠纪,-0.18541667,-0.51225877
329,50,-0.27171007,-0.556725
330,⒌,-0.5616577,-0.341988
331,角度,-0.38765234,-0.40634453
332,依据,-0.13220155,-0.40306222
333,植物,-0.23655687,-0.589891
334,物质,-0.21244293,-0.42513558
335,综合,-0.22908452,-0.49404672
336,上述,-0.23768485,-0.37370908
337,分别,-0.28340197,-0.51546544
338,Ma,-0.18214726,-0.56842804
339,东经,-0.3064945,-0.8059134
340,元古代,-0.21454555,-0.5219749
341,本区,-0.23105203,-0.5500667
342,北纬,-0.23137149,-0.6574051
343,REE,-0.2634915,-0.42389804
344,复杂,-0.13883491,-0.32919127
345,层位,-0.23811443,-0.44478634
346,地表,-0.2941974,-0.4857435
347,30,-0.25497007,-0.49051124
348,杂多群,-0.23007713,-0.37429488
349,重结晶,-0.46452045,-0.6248983
350,斜长,-0.40220574,-0.39267823
351,事件,-0.18312317,-0.36179852
352,下部,-0.34613112,-0.36290574
353,对比,-0.1343605,-0.40751788
354,上部,-0.3962379,-0.4016671
355,大量,-0.2782864,-0.55180514
356,Chl,-0.17856564,-0.42434412
357,HREE,-0.10952998,-0.34701255
358,条纹,-0.34301382,-0.36458555
359,范围,-0.21775407,-0.3841484
360,景观,-0.1805287,-0.5083137
361,洋盆,-0.23163104,-0.47239596
362,角砾岩,-0.56589544,-0.33414087
363,LREE,-0.16895545,-0.42513913
364,透镜状,-0.2391287,-0.37877306
365,逐渐,-0.2967082,-0.5059295
366,粒径,-0.23754531,-0.38353693
367,喜山期,-0.2872671,-0.46205452
368,遥感,-0.20334034,-0.55465555
369,九十,-0.3716287,-0.5983285
370,早中,-0.15411353,-0.5731033
371,班组,-0.39260527,-0.51901364
372,红色,-0.65698564,-0.4499274
373,子曲,-0.22227864,-0.5580864
374,之上,-0.27922225,-0.41892576
375,中厚,-0.77652466,-0.23575433
376,微晶,-0.47809327,-0.32072142
377,铅,-0.30155584,-0.61110705
378,Ser,-0.07750664,-0.2812605
379,La,-0.16280918,-0.38063958
380,边缘,-0.12615588,-0.4294449
381,SunetYe,-0.35666546,-0.6577961
382,假象,-0.2643627,-0.41810074
383,Ba,-0.29764548,-0.58106965
384,普通,-0.33976132,-0.4549498
385,夹层,-0.25753364,-0.2621896
386,平行,-0.40812558,-0.36100203
387,石炭世,-0.22095506,-0.4352958
388,丰富,-0.1507426,-0.4515347
389,巴颜喀拉,-0.12529497,-0.37668437
390,确定,-0.18256406,-0.42290768
391,抬升,-0.24158475,-0.5313558
392,定向,-0.24308531,-0.36030382
393,Ⅷ,-0.19838737,-0.46989536
394,覆盖,-0.23305973,-0.3848626
395,片状,-0.17376861,-0.23777959
396,挤压,-0.32399762,-0.48789254
397,Rb,-0.25902253,-0.5768866
398,野外,-0.26651654,-0.5061374
399,隆升,-0.24170794,-0.50220025
400,珊瑚,-0.18495798,-0.50583
401,该期,-0.21668014,-0.41226852
402,暗色,-0.3421282,-0.36558348
403,获得,-0.18563472,-0.5735729
404,界线,-0.2543809,-0.36355373
405,Bit,-0.23921397,-0.525973
406,劈理,-0.20130269,-0.3871984
407,N,-0.19987795,-0.3855898
408,碳酸盐,-0.3000162,-0.34819815
409,延伸,-0.1727405,-0.42232406
410,玉树,-0.14585467,-0.4760888
411,群甲丕拉组,-0.16085799,-0.43078345
412,铕,-0.16689394,-0.4042581
413,南,-0.22974269,-0.46559858
414,钠长石,-0.34264278,-0.48201752
415,建立,-0.15396649,-0.41470054
416,弱,-0.20101018,-0.37591317
417,组分,-0.19269681,-0.45873836
418,燕山,-0.15242456,-0.32371232
419,⒍,-0.42586085,-0.37397102
420,Ep,-0.21515574,-0.4500025
421,新生代,-0.1394837,-0.3836923
422,矿点,-0.20547205,-0.46016377
423,透镜,-0.34066308,-0.3260338
424,稳定,-0.21326372,-0.3079199
425,数据,-0.26772422,-0.52437663
426,结晶,-0.32636914,-0.4038697
427,眼球,-0.35889903,-0.39848557
428,95,-0.31464276,-0.6595065
429,沉积环境,-0.24056797,-0.35491607
430,其上,-0.1455408,-0.3342212
431,岩中,-0.27114832,-0.45318344
432,核部,-0.27757376,-0.33081445
433,浅海,-0.28755662,-0.44209749
434,Cal,-0.2449263,-0.4432563
435,各类,-0.18291272,-0.5039285
436,英安岩,-0.492662,-0.25224683
437,路线,-0.20301425,-0.34213397
438,金属,-0.2819861,-0.4654885
439,泥晶,-0.548823,-0.22559181
440,钼,-0.2410968,-0.5747966
441,总量,-0.16194355,-0.46733496
442,脉,-0.29452506,-0.44955727
443,Cr,-0.26983213,-0.45250833
444,CaO,-0.16538745,-0.462912
445,Th,-0.23353097,-0.5156953
446,高程,-0.1360394,-0.24218619
447,常见,-0.2147692,-0.37793255
448,Ar,-0.25913146,-0.5497838
449,俯冲,-0.1884354,-0.5150088
450,中粒,-0.6586394,-0.29056063
451,原岩,-0.21063031,-0.21638656
452,机制,-0.20553951,-0.40640932
453,地带,-0.25522387,-0.47384134
454,时期,-0.24489734,-0.49657893
455,使,-0.27362362,-0.42066568
456,土,-0.26151213,-0.46396428
457,透辉石,-0.3192811,-0.37328023
458,水系,-0.33229822,-0.59536046
459,Y,-0.21180959,-0.4850904
460,TiO2,-0.24210277,-0.4536776
461,原始,-0.25517735,-0.36847284
462,闪,-0.33487904,-0.4837619
463,陆缘,-0.17020695,-0.37180835
464,特提斯,-0.30724567,-0.63845736
465,石炭纪,-0.14831574,-0.48897824
466,图象,-0.26611942,-0.5834651
467,低于,-0.19517592,-0.41178995
468,平均,-0.22863264,-0.4561839
469,导致,-0.2779555,-0.47791213
470,大理岩,-0.38499406,-0.3258911
471,泥质,-0.46974587,-0.20583855
472,破坏,-0.16591054,-0.3750352
473,群诺日,-0.28374654,-0.5006472
474,碰撞,-0.1623999,-0.4785477
475,带内,-0.15148965,-0.2695822
476,曲,-0.13445522,-0.57451034
477,信息,-0.21687497,-0.49079752
478,大陆,-0.2349402,-0.38744774
479,锌,-0.29560444,-0.59504616
480,弧,-0.14848751,-0.37441215
481,Ab,-0.1283931,-0.36842957
482,亏损,-0.15337501,-0.32425603
483,粗,-0.46154293,-0.39571762
484,12,-0.30712625,-0.511975
485,贡组,-0.25166094,-0.45109883
486,北东,-0.14309107,-0.39147568
487,表,-0.1475664,-0.39697084
488,岩脉,-0.23804621,-0.4252819
489,Sm,-0.2037806,-0.4420149
490,三角,-0.21402454,-0.4062638
491,Cu,-0.19330956,-0.43765783
492,双晶,-0.15087825,-0.29931793
493,棱角,-0.3043642,-0.3312551
494,古生代,-0.17866248,-0.41696942
495,片理,-0.120823584,-0.26895374
496,Zn,-0.2525284,-0.5201435
497,填图,-0.13715763,-0.35891512
498,新近,-0.22669318,-0.43329123
499,古,-0.2209935,-0.48566243
500,薄,-0.53238845,-0.29876417
501,斑,-0.25663984,-0.42422757
502,指数,-0.264271,-0.50132567
503,20%,-0.2517126,-0.30961958
504,轴向,-0.13188912,-0.33332336
505,黑云,-0.3336421,-0.27453622
506,南部,-0.12268805,-0.42747557
507,实测,-0.18353137,-0.4991225
508,基底,-0.19034,-0.408994
509,弧后,-0.11641303,-0.35922012
510,投影,-0.21721184,-0.39280313
511,进一步,-0.2067797,-0.4169336
512,岗,-0.27544543,-0.4232819
513,镁,-0.25395608,-0.3461342
514,断裂带,-0.18008219,-0.40722397
515,K,-0.22933151,-0.54507136
516,岩带,0.05076119,-0.35329366
517,矽卡岩,-0.2322226,-0.40235126
518,蛛网,-0.26911333,-0.45290118
519,U,-0.16800375,-0.39703614
520,有色金属,-0.32682988,-0.61799186
521,河流,-0.20896035,-0.45844606
522,40,-0.2390246,-0.46025842
523,趋势,-0.17559959,-0.3710808
524,形式,-0.17646457,-0.41491008
525,橄榄,-0.44139826,-0.31956246
526,鳞片,-0.39751709,-0.3877222
527,乡,-0.09836535,-0.42794782
528,右倾,-0.19859128,-0.49176934
529,长玢岩,-0.28604826,-0.4105918
530,采用,-0.17729512,-0.41332933
531,发展,-0.1787149,-0.39439848
532,30%,-0.28304318,-0.3688938
533,俄,-0.27425528,-0.40853253
534,描述,-0.08907894,-0.32642755
535,Zr,-0.24627686,-0.5010822
536,甲丕拉组,-0.23770963,-0.43118516
537,性质,-0.2456916,-0.42457128
538,FeO,-0.19657062,-0.4433548
539,斜,-0.21644683,-0.36390537
540,处于,-0.24208072,-0.35839027
541,面理,-0.17800814,-0.40705305
542,1%,-0.24681477,-0.32962692
543,倾斜,-0.18724208,-0.40109664
544,分子,-0.17594302,-0.36599278
545,组构,-0.1818765,-0.3494917
546,平均值,-0.21526335,-0.43267125
547,11,-0.20499855,-0.3944151
548,新生,-0.250426,-0.35818824
549,粘土,-0.34567586,-0.3041336
550,甘孜,-0.14333382,-0.39609107
551,Ⅰ,-0.21115239,-0.38567784
552,⑷,-0.14363125,-0.22877066
553,判别,-0.09652684,-0.28986636
554,充填,-0.21420452,-0.35450786
555,平坦,-0.14579423,-0.32944533
556,泥岩,-0.45205396,-0.15476884
557,分为,-0.21954352,-0.31465015
558,基础,-0.22021024,-0.435303
559,0.5,-0.1500015,-0.38012964
560,排列,-0.16444224,-0.33675304
561,地震,-0.21577546,-0.42509758
562,夹有,-0.42161322,-0.15984948
563,理塘,-0.15910706,-0.4399079
564,分区,-0.20612866,-0.38334653
565,区调,-0.15596397,-0.52130276
566,岩亚带,-0.011893792,-0.45115164
567,铜矿,-0.19184797,-0.41343614
568,共生,-0.23378596,-0.27690208
569,边部,-0.2268359,-0.30206168
570,安山质,-0.4524412,-0.20964953
571,波状,-0.27867386,-0.31329915
572,草甸,-0.25368455,-0.40805483
573,前陆,-0.064266495,-0.42559594
574,分类,-0.24634047,-0.48720434
575,Pl,-0.1933956,-0.33493653
576,白云母,-0.21131009,-0.3314409
577,层次,-0.17089571,-0.29165912
578,⒎,-0.39437047,-0.19661666
579,脉岩,-0.18356878,-0.34745908
580,未,-0.14162318,-0.30900824
581,个别,-0.18709435,-0.31943238
582,属于,-0.21659479,-0.34019202
583,高度,-0.20121384,-0.38904712
584,Sr,-0.22778693,-0.4008875
585,差异,-0.18177377,-0.31292686
586,长英质,-0.3744554,-0.5235761
587,地形,-0.22379082,-0.40686882
588,资源,-0.24889468,-0.42666116
589,70,-0.19145317,-0.33034426
590,坪,-0.14446884,-0.36642402
591,巴达,-0.26026982,-0.3773651
592,剥蚀,-0.2011352,-0.33058086
593,矿石,-0.3159646,-0.37534285
594,雅西,-0.25250334,-0.42652
595,序列,-0.19612032,-0.30419493
596,成果,-0.18561472,-0.4076091
597,侏罗纪,-0.15487774,-0.36459854
598,运动,-0.21769102,-0.45560175
599,∑,-0.15826665,-0.22982006
600,小于,-0.2544963,-0.40316957
601,叠加,-0.19057551,-0.4317132
602,Mo,-0.22872339,-0.47409615
603,低温,-0.0978539,-0.28735366
604,互层,-0.45991707,-0.2671823
605,金属矿,-0.26586014,-0.4118572
606,高出,-0.18272455,-0.30437526
607,质量,-0.18251434,-0.36768213
608,负异常,-0.14055094,-0.3108496
609,报告,-0.27606314,-0.4852732
610,为界,-0.17240721,-0.22703165
611,分选,-0.17131092,-0.22741045
612,显著,-0.17715155,-0.26972145
613,问题,-0.22051477,-0.39638382
614,自形,-0.24972694,-0.3154112
615,标志,-0.26639432,-0.42299828
616,亦,-0.16245693,-0.30750674
617,枕状,-0.23879306,-0.23176147
618,泰勒,-0.1517783,-0.3456723
619,轴面,-0.18054223,-0.2604785
620,介于,-0.148115,-0.4421426
621,微,-0.2982783,-0.26674736
622,宽度,-0.15005274,-0.28111818
623,矿区,-0.09478899,-0.32126293
624,造山,-0.18452735,-0.34238234
625,岩层,-0.2432582,-0.31987023
626,向斜,-0.1557251,-0.2939606
627,指,-0.20811027,-0.36040255
628,碎斑,-0.20247404,-0.34554616
629,15%,-0.26225188,-0.3486991
630,过渡,-0.22229536,-0.37566656
631,中见,-0.32331997,-0.2867899
632,中部,-0.18432802,-0.20253102
633,扎青乡,-0.082560495,-0.37407577
634,25%,-0.2222128,-0.3029033
635,碳酸岩,-0.25307065,-0.27154657
636,减少,-0.21998854,-0.34495473
637,岭群,-0.14,-0.27844906
638,Nb,-0.20488906,-0.43420443
639,群中,-0.041967522,-0.29788464
640,宁多岩,-0.16210173,-0.39357
641,英安质,-0.47006595,-0.27822143
642,完成,-0.21655422,-0.3600935
643,橄榄岩,-0.10533652,-0.23141171
644,昂欠,-0.023374915,-0.36343327
645,模式,-0.122329466,-0.3079817
646,5%,-0.22487585,-0.29137078
647,产,-0.12720425,-0.21050185
648,10%,-0.26713327,-0.33935165
649,色,-0.21705048,-0.43813884
650,杂多,-0.055279862,-0.2881712
651,部位,-0.21379259,-0.33888406
652,环带,-0.13913259,-0.18156368
653,Ⅱ,-0.14700788,-0.34771824
654,副,-0.17552161,-0.24198645
655,倾向,-0.21204127,-0.33022198
656,板状,-0.2743672,-0.28480303
657,岩块,-0.09824353,-0.14727512
658,石膏,-0.26292887,-0.24692202
659,陆相,-0.19370468,-0.23503505
660,以北,-0.09194668,-0.30094123
661,断面,-0.15247141,-0.33156824
662,聂恰曲,-0.13509719,-0.38876852
663,始新世,-0.13730057,-0.37669188
664,背景,-0.16679342,-0.25945863
665,安山,-0.36000675,-0.15075369
666,牌号,-0.16117153,-0.28081682
667,透入,-0.19483571,-0.31658676
668,南侧,-0.1062064,-0.24288756
669,大地构造,-0.12618737,-0.28353134
670,调,-0.21738411,-0.46819487
671,陆内,-0.210495,-0.4123485
672,V,-0.24202973,-0.46020323
673,该组,-0.106131114,-0.25167903
674,18,-0.20797364,-0.31596848
675,石英岩,-0.2858087,-0.292915
676,消光,-0.16687067,-0.2908949
677,宏观,-0.19327702,-0.2867698
678,Ni,-0.1816181,-0.47048792
679,玻屑,-0.26346734,-0.24923275
680,煤层,-0.27006498,-0.19396296
681,构造运动,-0.19227964,-0.38116637
682,相似,-0.1005239,-0.22576652
683,冰碛,-0.21804059,-0.34873736
684,橄榄石,-0.24518909,-0.3157531
685,颗粒,-0.22361216,-0.29161286
686,矿,-0.21016866,-0.36411753
687,唐古拉山,-0.19522586,-0.40720078
688,创名,-0.16797876,-0.4063083
689,现代,-0.16386543,-0.3597589
690,北西西,-0.123248614,-0.3244166
691,世尕笛,-0.14986472,-0.31978744
692,夷平面,-0.20868126,-0.32213688
693,磷灰石,-0.20303723,-0.2841538
694,沼泽,-0.19081153,-0.36651444
695,状二长,-0.21650754,-0.34208208
696,山地,-0.25507686,-0.45231324
697,均匀,-0.105204605,-0.20907623
698,C,-0.22748199,-0.32254815
699,丰度,-0.13406165,-0.32091478
700,Ce,-0.14950773,-0.36339483
701,㈡,-0.07638687,-0.25669768
702,良好,-0.13494796,-0.2571399
703,13,-0.18291482,-0.2558622
704,枢纽,-0.1764963,-0.27936372
705,因素,-0.20383939,-0.3541632
706,冰期,-0.15232533,-0.2894358
707,造山带,-0.18828593,-0.32306373
708,石化,-0.121898375,-0.2681128
709,型式,-0.15138714,-0.29986474
710,Co,-0.21963914,-0.40850398
711,协调,-0.09690651,-0.22174932
712,退化,-0.24366431,-0.46873206
713,规律,-0.08158542,-0.26532707
714,三江,-0.16376203,-0.35467637
715,中等,-0.106752135,-0.25777656
716,线理,-0.20857143,-0.38808802
717,基本一致,-0.09566994,-0.24044736
718,㈠,-0.053753763,-0.25120258
719,次之,-0.20506023,-0.22577098
720,碱性岩,-0.17484847,-0.23870681
721,中新世,-0.15707354,-0.335495
722,地面,-0.20947266,-0.40139782
723,地理坐标,-0.10184041,-0.28257445
724,阶,-0.17493995,-0.36810777
725,倾伏,-0.16729651,-0.3395111
726,多幅,-0.11340635,-0.36634594
727,残留,-0.18538475,-0.34851894
728,Ti,-0.2415074,-0.3841815
729,变余斑状,-0.13491641,-0.11440388
730,钾,-0.16360922,-0.25255182
731,以来,-0.14415397,-0.34680685
732,讨论,-0.14843734,-0.33250874
733,结束,-0.16912462,-0.3331975
734,45,-0.16357765,-0.29498142
735,裂隙,-0.16637659,-0.26651493
736,铝质,-0.11735345,-0.2544366
737,交织,-0.2017284,-0.20794484
738,角闪岩,-0.20527178,-0.2353108
739,Hf,-0.18544531,-0.33437222
740,北部,-0.017853778,-0.24567299
741,河谷,-0.17253277,-0.32905573
742,集合体,-0.19098409,-0.31138423
743,孢粉,-0.14601292,-0.27196223
744,产于,-0.17415784,-0.36552092
745,⒏,-0.34336475,-0.2186644
746,小型,-0.19861577,-0.33982006
747,位置,-0.19526869,-0.348576
748,晶状,-0.28962192,-0.47350135
749,含砾,-0.40175036,-0.20860913
750,岩及,-0.2848418,-0.21749228
751,未见,-0.15964481,-0.21884362
752,55,-0.17154127,-0.33847496
753,沿用,-0.09595119,-0.30231044
754,定义,-0.16459815,-0.29795298
755,页岩,-0.27578953,-0.16439104
756,包体,-0.17139132,-0.18692014
757,置换,-0.21887948,-0.28914452
758,古近纪,-0.14662014,-0.32455334
759,莫错,-0.2275269,-0.3517913
760,晶体,-0.17047155,-0.2709123
761,深海,-0.21932809,-0.29133198
762,组中,-0.16325177,-0.25896764
763,成为,-0.23859252,-0.38066578
764,sp,-0.15834884,-0.29093084
765,以南,-0.068394125,-0.2623172
766,线性,-0.1941483,-0.36714175
767,最终,-0.21568123,-0.4122622
768,对称,-0.14673156,-0.28099924
769,接近,-0.107273914,-0.29535037
770,年代,-0.14195503,-0.32057756
771,中有,-0.19980389,-0.25991052
772,零星,-0.14485928,-0.24448645
773,方案,-0.13763155,-0.33722594
774,造成,-0.14831725,-0.30278257
775,碎裂,-0.25494444,-0.22697368
776,Σ,-0.08056578,-0.17516784
777,编写,-0.1767643,-0.3896187
778,深度,-0.16390571,-0.27449614
779,轻重,-0.047312945,-0.2565061
780,曲果,-0.13732171,-0.2410082
781,条带,-0.26439813,-0.294825
782,多样性,-0.19570443,-0.30906346
783,扎,-0.14022858,-0.31783962
784,1989,-0.2078813,-0.40704647
785,煤,-0.20794633,-0.2710828
786,上游,-0.17067617,-0.36260387
787,界面,-0.13321275,-0.25931302
788,本期,-0.12859006,-0.27925846
789,面貌,-0.14819297,-0.2952925
790,14,-0.13669492,-0.29725957
791,复,-0.36713976,-0.19514185
792,28,-0.17869896,-0.2747681
793,澜沧江,-0.23206371,-0.35646364
794,往往,-0.16764978,-0.26680058
795,100,-0.13365282,-0.31074128
796,背斜,-0.14161283,-0.26622656
797,典型,-0.13897522,-0.26538515
798,赋存,-0.20287679,-0.3440692
799,落入,-0.21682246,-0.33804914
800,22,-0.14204362,-0.22929038
801,玄武,-0.2841792,-0.1966241
802,岩类,-0.17307241,-0.28390774
803,中产,-0.16689067,-0.26978922
804,倾角,-0.12457993,-0.24941707
805,组成部分,-0.027132668,-0.11206787
806,巨厚,-0.31068057,-0.048028458
807,直径,-0.2220986,-0.35175356
808,1997,-0.09456101,-0.23940107
809,P,-0.20965958,-0.40235022
810,二者,-0.105106026,-0.14956033
811,终点,-0.14308046,-0.23121716
812,生态,-0.18873304,-0.37253407
813,中国,-0.23294324,-0.445376
814,找矿,-0.15119594,-0.345602
815,该套,-0.081520595,-0.23618585
816,引起,-0.21127973,-0.33479938
817,全新,-0.16172245,-0.33552524
818,相当于,-0.13328406,-0.26000628
819,系统,-0.1577648,-0.25596392
820,分异,-0.11900153,-0.24661924
821,3%,-0.19484045,-0.27912465
822,格局,-0.13684072,-0.35944733
823,砂屑,-0.27843592,-0.14742056
824,分馏,-0.100764304,-0.23863453
825,ETM,-0.1701106,-0.33868793
826,圈定,-0.1919931,-0.32497612
827,破碎,-0.11795333,-0.23233256
828,粗粒,-0.3473624,-0.18125391
829,相近,-0.11022436,-0.22665288
830,陆,-0.124878064,-0.33048767
831,相关,-0.17133164,-0.31269348
832,覆,-0.13020578,-0.23291624
833,显微,-0.16633059,-0.2125623
834,S,-0.16598034,-0.2940781
835,遗迹,-0.09402631,-0.3072452
836,闪石,-0.1627045,-0.25121093
837,蛇纹石,-0.16782373,-0.27417272
838,一系列,-0.116887376,-0.32371518
839,当江荣,-0.08285422,-0.11954626
840,连续,-0.1508338,-0.21700342
841,cf,-0.194656,-0.38628334
842,自下而上,-0.25228897,-0.34908327
843,⑸,-0.12631987,-0.17587094
844,35,-0.17593354,-0.2693196
845,平滑,-0.10275479,-0.34495434
846,辉绿玢岩,-0.13706163,-0.2278298
847,Au,-0.19432954,-0.34624448
848,贡玛花,-0.159326,-0.29874974
849,形,-0.19433372,-0.22139882
850,万区,-0.14473523,-0.32067457
851,简单,-0.13828333,-0.20236441
852,闭合,-0.104901195,-0.2334739
853,60,-0.1553167,-0.2898338
854,脆性,-0.14143735,-0.27385217
855,记录,-0.09578603,-0.23236302
856,古中,-0.08628816,-0.26256204
857,周围,-0.14116068,-0.24327685
858,片麻状,-0.0992364,-0.15384662
859,Mu,-0.13304137,-0.25156
860,海西期,-0.08119029,-0.229589
861,球粒,-0.1758805,-0.3384974
862,双向,-0.09359412,-0.28277373
863,措组,-0.18473212,-0.3037682
864,AFM,-0.09988028,-0.21770693
865,大洋,-0.11758668,-0.24288459
866,2%,-0.16140513,-0.20819066
867,M,-0.1522647,-0.28303003
868,由斑晶,-0.108925775,-0.1284602
869,灰黑色,-0.26972094,-0.1716784
870,上升,-0.1422691,-0.23432426
871,雁石,-0.15839942,-0.33061832
872,高于,-0.1960767,-0.35797733
873,区域性,-0.11213205,-0.26612344
874,2mm,-0.11722228,-0.17020264
875,大型,-0.20571572,-0.36338836
876,块体,-0.10676522,-0.23574056
877,北侧,-0.019551335,-0.18724191
878,西藏,-0.17561398,-0.31786513
879,青海,-0.19192514,-0.35606357
880,可达,-0.07987166,-0.17048883
881,沉积物,-0.14773682,-0.25323826
882,平面,-0.15558054,-0.24770506
883,铁,-0.14477165,-0.28079864
884,下伏,-0.11230803,-0.21621332
885,模式图,-0.118032336,-0.29430303
886,辉长,-0.15882747,-0.25071433
887,绿色,-0.23813152,-0.27478322
888,榍,-0.1585258,-0.18579441
889,硅化,-0.13971624,-0.25795287
890,正常,-0.19786921,-0.18416473
891,大队,-0.059555706,-0.2792765
892,前人,-0.1185112,-0.18432683
893,壳,-0.14412361,-0.31616983
894,Act,-0.11650393,-0.21332341
895,该类,-0.10987514,-0.21805236
896,波谱,-0.120227806,-0.29281396
897,大多,-0.12610689,-0.2054129
898,扎青,-0.13198994,-0.39355415
899,大致,-0.120354004,-0.24648942
900,⒐,-0.30570424,-0.17174497
901,底部,-0.12180606,-0.14020437
902,Di,-0.18312816,-0.34932026
903,含有,-0.14212078,-0.21994525
904,I,-0.14757319,-0.27151433
905,直立,-0.109462515,-0.2315874
906,粘土矿,-0.18903078,-0.17715564
907,分布区,-0.07884205,-0.17878401
908,区测队,-0.16032761,-0.39347452
909,较强,-0.03987509,-0.14446653
910,华力西,-0.1359413,-0.24293853
911,多为,-0.12869725,-0.1678835
912,检查,-0.105447195,-0.17179175
913,B,-0.14400986,-0.3202646
914,单层,-0.18371467,-0.2033465
915,NW,-0.04797694,-0.22060044
916,地处,-0.12740579,-0.28201848
917,23,-0.14347017,-0.2718095
918,1.5,-0.13837826,-0.1910408
919,起点,-0.1788554,-0.31838393
920,复合,0.007867458,-0.23293483
921,夏里组,-0.09410268,-0.17461336
922,蛤,-0.16624686,-0.3522672
923,投点,-0.14154874,-0.24228328
924,表面,-0.1965635,-0.35545564
925,最为,-0.041264925,-0.15476687
926,唐古拉,-0.16595335,-0.28765792
927,洋中,-0.17953852,-0.2948808
928,㈢,-0.09718285,-0.17902601
929,图幅,-0.10261926,-0.25909403
930,表示,-0.116637185,-0.14901176
931,Ta,-0.1378346,-0.2568145
932,仍,-0.1394527,-0.32045552
933,脊,-0.114163294,-0.22130713
934,共,-0.12868316,-0.22931917
935,幔,-0.19482091,-0.32014266
936,强蚀,-0.29335713,-0.19828326
937,源,-0.18517552,-0.27228844
938,隐,-0.16983022,-0.3287223
939,齐全,-0.067528345,-0.11560086
940,岩组,-0.12449801,-0.18708111
941,ML,-0.13682263,-0.2744667
942,拉斑,-0.22400658,-0.25512698
943,提取,-0.124946915,-0.24021484
944,0.91,-0.06511103,-0.18528913
945,紧密,-0.12709488,-0.19598378
946,29,-0.12772463,-0.25613275
947,变细,-0.15478423,-0.27356696
948,青石,-0.20238952,-0.29466507
949,洪积,-0.20992973,-0.25657612
950,堇,-0.1780915,-0.23577663
951,喜马拉雅,-0.19039008,-0.32778862
952,Q,-0.19474524,-0.333166
953,钛,-0.13232934,-0.19125961
954,石榴石,-0.12446091,-0.20586333
955,首次,-0.12022393,-0.20316327
956,乌兰湖,-0.059516743,-0.27673137
957,之下,-0.14180551,-0.20312858
958,荒漠化,-0.16300023,-0.27004266
959,横向,-0.1512239,-0.1405452
960,具变,-0.2115129,-0.28950503
961,8%,-0.1468201,-0.17699854
962,组份,-0.12967652,-0.21721575
963,A,-0.15981182,-0.2390254
964,宁多群,-0.1195618,-0.2519507
965,杂多晚,-0.09769998,-0.19512314
966,列表,-0.17839453,-0.27994254
967,原,-0.069534846,-0.16340128
968,消减,-0.085048474,-0.19167335
969,1970,-0.085342206,-0.255644
970,严重,-0.15204798,-0.28235087
971,托吉曲,-0.031164255,-0.22495835
972,泥,-0.22219646,-0.06515148
973,看出,-0.08468971,-0.19501045
974,上新世,-0.14350097,-0.27457651
975,鉴定,-0.16873805,-0.2844298
976,中晚,-0.048684385,-0.19104259
977,寒冷,-0.07615694,-0.2153939
978,中生代,-0.07336907,-0.24022116
979,颜色,-0.2030083,-0.2206983
980,冰水,-0.11163212,-0.2597655
981,沟谷,-0.100139596,-0.23702984
982,褐铁矿,-0.18468337,-0.2396522
983,灰绿,-0.19928625,-0.15191138
984,流纹质,-0.3391095,-0.2735307
985,意义,-0.087239385,-0.21293786
986,纪曲果,-0.17021848,-0.20363247
987,泥灰岩,-0.25646034,-0.1786943
988,黄铜矿,-0.14478308,-0.2653064
989,钼矿,-0.07814706,-0.19953837
990,墙,-0.19093218,-0.24065916
991,长期,-0.13932644,-0.22997765
992,P1,-0.1948258,-0.2285008
993,同源,-0.07587561,-0.20279826
994,测制,-0.121827595,-0.28056723
995,已知,-0.10185256,-0.2177513
996,草原,-0.12361469,-0.2669168
997,伸展,-0.09527179,-0.20191695
998,格仁,-0.14091335,-0.19126847
999,内容,-0.12258173,-0.1696102
1000,次生,-0.12767763,-0.1583408
1001,以中,-0.22621052,-0.1598702
1002,Ag,-0.15960203,-0.3021053
1003,投在,-0.19939248,-0.29754713
1004,度,-0.14924072,-0.234372
1005,很少,-0.10166195,-0.18735911
1006,高寒,-0.13763061,-0.22071858
1007,地仁,-0.13090248,-0.13905892
1008,海相沉积,-0.07180014,-0.14949761
1009,1990,-0.15870366,-0.2974275
1010,南翼,-0.08514084,-0.20706211
1011,捕虏体,-0.14898637,-0.1961588
1012,增高,-0.14279273,-0.1924249
1013,色调,-0.12802276,-0.17141254
1014,km2,-0.14134961,-0.22279564
1015,砂质,-0.20155095,-0.19075288
1016,洋,-0.12564076,-0.29242706
1017,菊石,-0.07273811,-0.18058689
1018,结隆组,-0.10157929,-0.19098064
1019,标准化,-0.13707718,-0.31940618
1020,英质,-0.20837088,-0.29703137
1021,口前,-0.10928084,-0.2667765
1022,波段,-0.15485348,-0.26515582
1023,An,-0.16036624,-0.18942659
1024,砂,-0.18289655,-0.16519272
1025,微弱,-0.1074452,-0.15386826
1026,角闪片,-0.09913973,-0.11398726
1027,查保玛组,-0.06313675,-0.22409517
1028,湖泊,-0.15117185,-0.30188283
1029,相互,-0.08884418,-0.17722982
1030,非正式,-0.05516707,-0.16394062
1031,铁矿,-0.14483595,-0.26167363
1032,T3,-0.1839605,-0.30296236
1033,综述,-0.097440295,-0.13182485
1034,景区,-0.09751443,-0.24440123
1035,Nd,-0.11022822,-0.2687686
1036,浸染,-0.16106504,-0.23118132
1037,W,-0.119726144,-0.24118555
1038,西南,-0.11419129,-0.2475595
1039,有利,-0.15010516,-0.23252775
1040,椭圆状,-0.1489983,-0.17714833
1041,极其,-0.13362408,-0.26359233
1042,闪锌矿,-0.13267629,-0.23114663
1043,粒,-0.24476305,-0.15856008
1044,露,-0.11466306,-0.19204982
1045,羌塘,-0.06995549,-0.25976384
1046,中含,-0.09280927,-0.17901213
1047,以下,-0.15389366,-0.25535658
1048,关系密切,-0.096564375,-0.15643364
1049,草,-0.16420205,-0.31390148
1050,滑,-0.110641934,-0.23017003
1051,灰黄色,-0.2603269,-0.17400086
1052,冲刷,-0.113647185,-0.20294058
1053,6%,-0.12744892,-0.1928592
1054,94,-0.15037228,-0.3496986
1055,地理,-0.13734072,-0.25238842
1056,Halobiasp,-0.13444246,-0.24399123
1057,成份,-0.1582529,-0.14471479
1058,交错,-0.18604636,-0.14064118
1059,本组,-0.115739435,-0.22234479
1060,土地,-0.18760699,-0.300304
1061,正长,-0.16956538,-0.2997112
1062,贵州,-0.1470296,-0.26989126
1063,47,-0.0942489,-0.2115892
1064,受到,-0.08466854,-0.14455967
1065,种类,-0.131391,-0.1465233
1066,32,-0.1409334,-0.28338858
1067,长轴,-0.0631284,-0.18878046
1068,消失,-0.14430597,-0.19467382
1069,域,-0.12631437,-0.19908822
1070,弯曲,-0.13950042,-0.19842258
1071,单一,-0.15768498,-0.14370468
1072,群及,-0.052575972,-0.22524132
1073,岩株,-0.03742921,-0.17931044
1074,化退,-0.14824733,-0.25686333
1075,由晚,-0.091989115,-0.17390333
1076,它形,-0.19869992,-0.16210704
1077,较差,-0.11887806,-0.12531585
1078,调队,-0.12983473,-0.26912016
1079,浑圆,-0.13599446,-0.23578438
1080,缅切,-0.14196856,-0.26880506
1081,增大,-0.14528468,-0.2152538
1082,龙格玛,-0.045048427,-0.23414293
1083,白垩,-0.06352462,-0.23258446
1084,北翼,-0.08793754,-0.1733286
1085,煤矿,-0.0743949,-0.17522004
1086,闪片,-0.16475731,-0.28589523
1087,长条状,-0.09882777,-0.18546419
1088,TFeO,-0.11517654,-0.2635502
1089,细脉,-0.10847224,-0.17382249
1090,特曼,-0.11282414,-0.1430468
1091,断续,-0.08793498,-0.1785639
1092,转换,-0.19374055,-0.33930114
1093,状粉,-0.25945744,-0.06524812
1094,ChingetYe,-0.16095531,-0.27723452
1095,自然,-0.14001396,-0.2331853
1096,泥砂,-0.24021564,-0.22391917
1097,隆组,-0.08189533,-0.20096457
1098,盐,-0.11473566,-0.18362659
1099,邻区,-0.12217191,-0.19765386
1100,北坡,-0.0922318,-0.20103829
1101,水蚀,-0.13647366,-0.24746309
1102,遥感信息,-0.16768633,-0.2744214
1103,汇聚,-0.090595774,-0.20598648
1104,地势,-0.06468122,-0.11960038
1105,板块,-0.15822454,-0.2490524
1106,值为,-0.09741781,-0.29454905
1107,生长,-0.1042029,-0.21252522
1108,26,-0.10839296,-0.21476677
1109,Sn,-0.14413269,-0.28588775
1110,Sc,-0.12667243,-0.23852481
1111,恢复,-0.15461168,-0.2407319
1112,流纹,-0.23151287,-0.1862828
1113,假阿尔拜虫,-0.23445973,-0.46347106
1114,Norian,-0.063825615,-0.16411754
1115,一种,-0.12577017,-0.23663436
1116,有时,-0.11517073,-0.22203971
1117,世界,-0.10912319,-0.2180876
1118,工程,-0.11198364,-0.24203157
1119,世结,-0.086362086,-0.23401801
1120,风化,-0.13053557,-0.23210977
1121,⒑,-0.21448359,-0.12436781
1122,草场,-0.17143935,-0.24536961
1123,多期,-0.12306923,-0.17419538
1124,H,-0.10622189,-0.13543117
1125,而成,-0.16916965,-0.21883649
1126,浅成,-0.17331286,-0.22515044
1127,整体,-0.10710695,-0.19366364
1128,应为,-0.07046625,-0.21029237
1129,白垩纪,-0.07869667,-0.24401468
1130,麻状,-0.08673067,-0.1198971
1131,维氏值,-0.103172466,-0.17468202
1132,命名,-0.0948171,-0.19068517
1133,陡,-0.097254455,-0.22167301
1134,山体,-0.108989,-0.23941311
1135,宽约,-0.08579315,-0.1976346
1136,第四纪,-0.07156144,-0.21157128
1137,节理,-0.10765735,-0.17405935
1138,详细,-0.08397645,-0.18416461
1139,较弱,-0.07591001,-0.06078863
1140,产生,-0.12468215,-0.2086023
1141,细岩,-0.17418367,-0.21352376
1142,潮湿,-0.15951036,-0.30184048
1143,测年,-0.04054279,-0.16126814
1144,保玛组,-0.13050464,-0.1887692
1145,矿层,-0.12160364,-0.10661895
1146,轻微,-0.06484682,-0.16278072
1147,松莫茸,-0.10333145,-0.24099499
1148,空隙,-0.05385829,-0.17508872
1149,冰碛物,-0.1119003,-0.16783614
1150,起伏,-0.14022054,-0.20728223
1151,见于,-0.11032339,-0.22725476
1152,雀,-0.11547844,-0.20641103
1153,达龙,-0.1406661,-0.17759855
1154,重砂,-0.14198244,-0.25258768
1155,1984,-0.15452337,-0.30329427
1156,中深,-0.070260406,-0.17573157
1157,纪,-0.10550777,-0.21308959
1158,化探,-0.11102368,-0.20724466
1159,冲积,-0.122518726,-0.22212939
1160,温泉,-0.08791889,-0.21079998
1161,长江,-0.13762851,-0.19525601
1162,含矿,-0.09948999,-0.18219002
1163,昌都,-0.10146653,-0.24888605
1164,推测,-0.15860125,-0.2347654
1165,包卷,-0.1698917,-0.11889599
1166,作,-0.098996304,-0.21198809
1167,日曲,-0.106304325,-0.22146647
1168,杂色,-0.14816152,-0.09780308
1169,母质,-0.13630937,-0.26682225
1170,砖,-0.27382743,-0.13809802
1171,千枚岩,-0.14156954,-0.016155452
1172,17,-0.1274744,-0.19597997
1173,解体,-0.045712158,-0.18303217
1174,当江乡,-0.11836589,-0.2817048
1175,镶嵌,-0.13892207,-0.20012023
1176,常,-0.14797676,-0.22934458
1177,56,-0.11574845,-0.23993704
1178,ASI,-0.09953763,-0.23109646
1179,冻融,-0.15303491,-0.23936585
1180,炭质,-0.16888763,0.06897257
1181,Cardium,-0.16293843,-0.26044673
1182,⒒,-0.24250247,-0.14367478
1183,切割,-0.13583584,-0.19601713
1184,盆山,-0.15102002,-0.22773701
1185,间隔性,-0.092595324,-0.15922433
1186,石中,-0.074116684,-0.17012434
1187,层面,-0.09586957,-0.19579737
1188,互相,-0.15439329,-0.17918426
1189,海陆交,-0.17489573,-0.2346423
1190,б,-0.098784976,-0.21820904
1191,次为,-0.10990403,-0.2069253
1192,40%,-0.12585083,-0.15641852
1193,测试,-0.10430822,-0.22462067
1194,52,-0.10347463,-0.24817999
1195,0.01,-0.10014818,-0.20913287
1196,初步,-0.11714421,-0.20734376
1197,群落,-0.059605766,-0.1091904
1198,众多,-0.16171545,-0.27047244
1199,就位,-0.115307435,-0.15537468
1200,图区,-0.057371326,-0.23225355
1201,二云,-0.11150369,-0.124281816
1202,绿泥,-0.12840255,-0.14737381
1203,干旱,-0.063141264,-0.17049012
1204,脉动,-0.05203562,-0.10411614
1205,征毛涌,-0.12577528,-0.25116682
1206,最高,-0.052875295,-0.109812975
1207,山麓,-0.11609722,-0.16726662
1208,贵金属,-0.15406154,-0.2564243
1209,加剧,-0.11236446,-0.24960083
1210,采集,-0.087598085,-0.20845726
1211,中期,-0.105714194,-0.27938396
1212,取代,-0.09250547,-0.19006066
1213,Mn,-0.078981325,-0.25516292
1214,宽缓,-0.029861614,-0.04052991
1215,圆状,-0.14261253,-0.17358921
1216,晋宁,-0.07877576,-0.1485784
1217,项目组,-0.13959165,-0.1963763
1218,流变,-0.12553246,-0.16639408
1219,识别,-0.033987775,-0.13628216
1220,不具,-0.059937894,-0.10375749
1221,设计,-0.15577123,-0.19691606
1222,岩化,-0.10874342,-0.23788287
1223,调查局,-0.13519064,-0.25133494
1224,16,-0.110531285,-0.2165393
1225,曾,-0.14171098,-0.23764437
1226,31,-0.11478531,-0.12968795
1227,宁静,-0.13231243,-0.1628898
1228,20m,-0.12040252,-0.18180366
1229,可可西里,-0.10651356,-0.2590892
1230,层型,-0.07731578,-0.1496864
1231,实地,-0.0843031,-0.22955199
1232,航磁,-0.080608964,-0.1729008
1233,2003,-0.049172655,-0.19782305
1234,砂砾,-0.18051547,-0.23811822
1235,交通,-0.107653074,-0.18938677
1236,等时线,-0.04370132,-0.21806341
1237,拉伸,-0.14085282,-0.19397724
1238,相间,-0.09996834,-0.23027387
1239,未见底,-0.050617576,-0.103800066
1240,砾径,-0.115939416,-0.14569736
1241,波屑,-0.28225896,-0.18626893
1242,期中,-0.1488617,-0.18823335
1243,⒓,-0.15651913,-0.0991496
1244,波痕,-0.06324976,-0.15578802
1245,侧伏角,-0.047561042,-0.085370675
1246,单调,-0.096572876,-0.1123268
1247,F,-0.11740325,-0.23537888
1248,快速,-0.09259427,-0.22286381
1249,地形图,-0.10298535,-0.17307357
1250,过饱和,-0.10496394,-0.24746792
1251,半自,-0.10729834,-0.18363565
1252,半深海相,-0.116401926,-0.15594745
1253,滩地,-0.1862771,-0.34596074
1254,优势,-0.12902093,-0.17731951
1255,石榴,-0.12348834,-0.17872247
1256,两端,-0.07677491,-0.18140876
1257,治多,-0.039005417,-0.16026747
1258,磨圆,-0.13367014,-0.144593
1259,银,-0.118911214,-0.28648454
1260,ο,-0.15989017,-0.2066261
1261,非金属,-0.11921317,-0.28445035
1262,生态系统,-0.11013004,-0.16450842
1263,向上,-0.11286633,-0.15041871
1264,热融,-0.19299193,-0.31742752
1265,熔结,-0.24846318,-0.1771607
1266,侵蚀,-0.11580448,-0.22163615
1267,潜力,-0.13011782,-0.19208613
1268,36,-0.14796251,-0.18191575
1269,持续,-0.106943,-0.1852362
1270,沉积作用,-0.0892581,-0.16967666
1271,矽线石,-0.08055174,-0.17329364
1272,参数,-0.0912164,-0.19046608
1273,Bi,-0.097829975,-0.20358321
1274,铝,-0.08813476,-0.22016785
1275,绝大多数,-0.14176783,-0.2182271
1276,氧化铁,-0.13586663,-0.19791904
1277,灰褐色,-0.17361021,-0.042838767
1278,一期,-0.07733094,-0.13186172
1279,熔蚀,-0.10881409,-0.12327889
1280,麻理,-0.102975965,-0.1754845
1281,绿片,-0.061438877,-0.070331335
1282,布曲组,-0.08454622,-0.13210876
1283,石炭,-0.051906586,-0.1774
1284,东西向,-0.09059374,-0.1546592
1285,55%,-0.15695459,-0.21351196
1286,验收,-0.15389532,-0.2258638
1287,灰质,-0.22548434,-0.21038729
1288,查日,-0.036039647,-0.17492886
1289,然者,-0.06048438,-0.2193689
1290,英云,-0.1438462,-0.21036668
1291,陨石,-0.10626593,-0.29296428
1292,霏,-0.17946479,-0.22127135
1293,现今,-0.050214086,-0.1777025
1294,100m,-0.09517685,-0.18857042
1295,共同,-0.06744538,-0.15371528
1296,实际,-0.11689837,-0.18010446
1297,0,-0.079423845,-0.21606314
1298,普查,-0.07070716,-0.11234778
1299,面上,-0.09706841,-0.09685159
1300,2005,-0.15088142,-0.20976038
1301,分水岭,-0.12595353,-0.1621039
1302,湖,-0.14311615,-0.22215906
1303,千枚,-0.21450604,-0.14565799
1304,7,-0.09912871,-0.27505597
1305,缝合,-0.09749233,-0.2611985
1306,重点,-0.13468622,-0.22221914
1307,角砾状,-0.09788522,-0.021440536
1308,陆棚,-0.077234626,-0.20177802
1309,历史,-0.05162101,-0.15039553
1310,通行,-0.14168428,-0.23587207
1311,海百合,-0.100721315,-0.22324222
1312,稀少,-0.0656187,-0.14336777
1313,⒔,-0.21541092,-0.13406165
1314,亮晶,-0.20341457,-0.019326609
1315,37,-0.14797673,-0.21025816
1316,48,-0.11316961,-0.16468036
1317,露头,-0.08500855,-0.065505184
1318,热流,-0.045413695,-0.05603944
1319,坎,-0.098472156,-0.1997284
1320,残余,-0.055605248,-0.08201043
1321,世早,-0.024827756,-0.1565401
1322,褐色,-0.16511911,-0.03613056
1323,长角,-0.15018485,-0.2437839
1324,已绢,-0.073519275,-0.085147075
1325,第三节,-0.12842624,-0.21240431
1326,全面,-0.08360408,-0.1360646
1327,46,-0.11563059,-0.2294179
1328,80%,-0.0785379,-0.15318659
1329,东段,-0.12255707,-0.1970224
1330,接收,-0.1719064,-0.24605256
1331,归为,-0.060492422,-0.15452516
1332,厘定,-0.08486059,-0.18281129
1333,红柱石,-0.07679533,-0.10344122
1334,较完整,-0.053582314,-0.13737307
1335,第一节,-0.036441326,-0.17133725
1336,岩墙,-0.12405932,-0.21998577
1337,人类,-0.12147104,-0.19308612
1338,亚带,-0.041058194,-0.16199654
1339,工业,-0.070418775,-0.19746724
1340,状长,-0.1805925,-0.27145487
1341,演化过程,-0.1130311,-0.19585344
1342,ChingetFang,-0.13879748,-0.2557444
1343,提出,-0.092250064,-0.21603924
1344,0.3,-0.06488934,-0.18243083
1345,变带,-0.12781617,-0.1850587
1346,独特,-0.05553471,-0.20161717
1347,名称,-0.050566755,-0.16517735
1348,夹灰,-0.20286484,-0.1485009
1349,冻土,-0.12291859,-0.23729303
1350,寻找,-0.11706502,-0.13927789
1351,Li,-0.1479527,-0.23437622
1352,滑拉分,-0.039783087,-0.14187978
1353,恶化,-0.09636917,-0.19125043
1354,南北向,-0.05443254,-0.16263577
1355,带上,-0.021733768,-0.13738446
1356,粗面,-0.14722185,-0.1498091
1357,0.1,-0.065205485,-0.18987122
1358,世诺日,-0.1253833,-0.15305461
1359,多岛洋,-0.11052804,-0.24234483
1360,成土,-0.07564668,-0.15688322
1361,Ka,-0.07024077,-0.12109087
1362,火山作用,-0.06424964,-0.1354757
1363,储量,-0.15633346,-0.20638049
1364,群巴,-0.058753204,-0.16160773
1365,Ol,-0.1009877,-0.18721385
1366,浅色,-0.081197694,-0.08858507
1367,同期,-0.09231791,-0.13064857
1368,19,-0.058521986,-0.1411061
1369,方铅矿,-0.1110515,-0.21763203
1370,1000m,-0.076627254,-0.20203823
1371,深部,-0.17053646,-0.27139798
1372,Ne,-0.12976405,-0.18639277
1373,50cm,-0.054963034,-0.0964029
1374,昂,-0.052435227,-0.25646955
1375,结能,-0.07120539,-0.21180166
1376,冰蚀,-0.09073302,-0.17078392
1377,km,-0.0833388,-0.15632294
1378,劈,-0.11816485,-0.17747986
1379,效应,-0.10591888,-0.19044323
1380,余,-0.12932439,-0.22529045
1381,两岸,-0.022562431,-0.1342647
1382,归入,-0.10771012,-0.20264155
1383,认识,-0.06796614,-0.09363848
1384,石膏矿,-0.09994164,-0.1675808
1385,分界,-0.05469399,-0.18839973
1386,隆起,-0.078124195,-0.17027181
1387,沉积岩,-0.09431081,-0.10871477
1388,头足类,-0.03279514,-0.12386054
1389,ka,-0.0414903,-0.12518704
1390,山顶,-0.1465633,-0.24567786
1391,角考,-0.11152148,-0.2193496
1392,河流阶地,-0.11361784,-0.1896398
1393,牵引,-0.06571244,-0.10320869
1394,Fe2O3,-0.031947367,-0.15020558
1395,下降,-0.11621534,-0.2150786
1396,之中,-0.022126961,-0.09885273
1397,超镁,-0.06261808,-0.16873981
1398,10m,-0.08730009,-0.1312899
1399,体内,-0.111891516,-0.16411078
1400,浊流,-0.08729238,-0.12590283
1401,有机质,-0.12107037,-0.18709207
1402,变斑晶,-0.097271055,-0.14314687
1403,Gt,-0.12462192,-0.20000894
1404,河漫滩,-0.11781994,-0.21062544
1405,东脚,-0.044254277,-0.20037854
1406,幅度,-0.081696376,-0.15469
1407,群居,-0.06265378,-0.11420994
1408,辉绿,-0.07748288,-0.071569495
1409,统,-0.077108815,-0.22208244
1410,两翼,-0.06666602,-0.18021575
1411,49,-0.08614359,-0.18341948
1412,相同,-0.11692178,-0.18213862
1413,滑坡,-0.14540163,-0.26772955
1414,38,-0.16221182,-0.2511831
1415,特征参数,-0.094591804,-0.20676231
1416,穿插,-0.12236068,-0.12638791
1417,高岭土,-0.091388054,-0.07072249
1418,顶部,-0.12351985,-0.1487917
1419,分解,-0.12594119,-0.16753675
1420,品位,-0.0843895,-0.123647146
1421,冰积,-0.0995026,-0.13731256
1422,斜长角,-0.13487162,-0.23377955
1423,Pt1,-0.12847465,-0.16519742
1424,玉树县,-0.07322052,-0.14822088
1425,筳,-0.07441663,-0.122246444
1426,体系,-0.09926228,-0.1892964
1427,岩石学,-0.046789244,-0.123414405
1428,2N,-0.12601593,-0.168021
1429,ppm,-0.051065188,-0.13741086
1430,图中,-0.10816788,-0.1983609
1431,边界,-0.07028451,-0.14391896
1432,北北西,-0.019023364,-0.14139183
1433,34,-0.08143518,-0.17067868
1434,下拉秀,-0.02123258,-0.13993202
1435,自旋,-0.15662605,-0.20518924
1436,邻幅,-0.007315924,-0.1314922
1437,融化,-0.10971817,-0.25077197
1438,滨,-0.11184743,-0.12303552
1439,SE,-0.06712888,-0.14053246
1440,80,-0.071026325,-0.14093366
1441,冷凝,-0.08805657,-0.09347491
1442,近于,-0.099281095,-0.16036789
1443,Anisian,-0.0686187,-0.16118214
1444,增多,-0.07418907,-0.091852464
1445,不久,-0.1257109,-0.2784581
1446,70%,-0.04858605,-0.12302371
1447,北京,-0.12447983,-0.17288522
1448,中取,-0.094920665,-0.22248362
1449,相应,-0.037770376,-0.10890236
1450,海水,-0.07785437,-0.0898286
1451,透明,-0.08564462,-0.11594015
1452,夏,-0.06828729,-0.12816298
1453,屑,-0.18357332,-0.080960825
1454,中同,-0.034814868,-0.15440224
1455,塑性,-0.056802597,-0.16282788
1456,同类,-0.1237537,-0.13632002
1457,山区,-0.07653789,-0.16954623
1458,独立,-0.08539835,-0.15250076
1459,1.1,-0.097351216,-0.14497079
1460,海相,-0.08082631,-0.21983439
1461,3.3,-0.13809642,-0.184114
1462,MnO,-0.072525255,-0.20171991
1463,58,-0.10871952,-0.12561122
1464,生成,-0.107264474,-0.14165725
1465,90%,-0.06984467,-0.09455108
1466,纪查,-0.12357866,-0.17570761
1467,围绕,-0.046377707,-0.07309197
1468,24,-0.11206657,-0.19145511
1469,原则,-0.093677275,-0.102749325
1470,末,-0.08885689,-0.20704873
1471,状中,-0.26845255,-0.16769463
1472,亚类,-0.09690991,-0.14639924
1473,斜坡,-0.0858413,-0.12702739
1474,负,-0.054399006,-0.12371333
1475,时空,-0.07829099,-0.14817038
1476,叙述,-0.060437493,-0.09463864
1477,这套,-0.060822524,-0.122417785
1478,强度,-0.10128312,-0.116236195
1479,2.5,-0.10222568,-0.16582225
1480,该区,-0.089169964,-0.09195883
1481,粗安岩,-0.14925063,-0.15725762
1482,活动性,-0.108397014,-0.16885433
1483,地矿局,0.022143232,-0.11652701
1484,裂纹,-0.055796172,-0.12172142
1485,Tulongocardium,-0.17042562,-0.28401285
1486,草地,-0.06739722,-0.13865742
1487,技术,-0.114260845,-0.15397093
1488,堆积物,-0.07482148,-0.12298806
1489,具绢,-0.08134382,-0.1712125
1490,聚片,-0.06545422,-0.11645324
1491,低绿片,-0.094582155,-0.14010844
1492,不易,-0.070170105,-0.17240743
1493,有限,-0.067479245,-0.12919652
1494,递增,-0.038133465,-0.090478875
1495,局限,-0.034162816,-0.08426851
1496,组为,-0.07605139,-0.060212612
1497,沟,-0.09786379,-0.21165809
1498,形板,-0.0966694,-0.15857182
1499,状及,-0.13792114,-0.15703009
1500,断陷,-0.06803487,-0.11143281
1501,放射状,-0.080919795,-0.1281868
1502,日勤,-0.06268153,-0.1271455
1503,种群,-0.084350266,-0.19639373
1504,区中,-0.053911556,-0.15389208
1505,同斜,-0.05221745,-0.11640459
1506,后造山,-0.06871901,-0.17953262
1507,岩系,-0.05568088,-0.15609676
1508,岩枝,-0.09894863,-0.13437803
1509,1999,-0.070211515,-0.16319618
1510,细小,-0.10759524,-0.15936893
1511,海,-0.08805414,-0.16853976
1512,频繁,-0.09147727,-0.11612696
1513,厚层,-0.14582404,-0.06476434
1514,层间,-0.029602485,-0.04191675
1515,0.6,-0.09256835,-0.19497421
1516,石灰岩,-0.08988193,-0.107613035
1517,重熔,-0.07614602,-0.11244134
1518,难以,-0.08782674,-0.1501838
1519,河床,-0.09976216,-0.22586688
1520,高绿片,-0.04335872,-0.11483849
1521,地质灾害,-0.14364101,-0.22515629
1522,3B,-0.14573139,-0.12265454
1523,T2,-0.14419523,-0.12904279
1524,研究所,-0.06226785,-0.19421168
1525,陆块,-0.051098138,-0.1761958
1526,青藏,-0.10540908,-0.17754918
1527,擦痕,-0.094209746,-0.152019
1528,主,-0.102012075,-0.16202757
1529,干燥,-0.044382464,-0.10157563
1530,湿地,-0.11332832,-0.22959799
1531,温暖,-0.06457503,-0.15558869
1532,伴随,-0.08765012,-0.13797477
1533,叠置,-0.07552447,-0.11273894
1534,怒江,-0.08447283,-0.21382818
1535,巴贡,-0.077875316,-0.19511668
1536,碎片,-0.11224826,-0.13859351
1537,点均,-0.094948746,-0.17519529
1538,53,-0.047684245,-0.17073804
1539,喜山,-0.08683859,-0.18653809
1540,伴生,-0.079408854,-0.1013687
1541,地方,-0.05527385,-0.11492177
1542,经济,-0.073014215,-0.11375877
1543,化学成分,-0.09640087,-0.12137573
1544,Hb,-0.055913255,-0.17387241
1545,时限,-0.013481281,-0.12000932
1546,裂谷,-0.109422445,-0.1678546
1547,学者,-0.13242827,-0.23637794
1548,密集,-0.15318543,-0.25002098
1549,抓,-0.16502301,-0.27457705
1550,气孔,-0.06390753,-0.079199634
1551,紧闭,-0.028118415,-0.13154273
1552,漂砾,-0.09346774,-0.14493269
1553,基岩,-0.083407626,-0.10985315
1554,60%,-0.11189224,-0.15365025
1555,TM,-0.11363687,-0.17805842
1556,地下水,-0.065976836,-0.15547341
1557,22%,-0.087258846,-0.12937845
1558,总面积,-0.02123696,-0.12818871
1559,少数,-0.026782813,-0.0882629
1560,逆,-0.03752751,-0.14229602
1561,鳃,-0.060051978,-0.21023591
1562,二级,-0.079473056,-0.16257401
1563,托吉涌,-0.104283355,-0.16923264
1564,孔隙,-0.07164711,-0.08773664
1565,中均,-0.10647152,-0.14408462
1566,依次,-0.07190291,-0.10548585
1567,前缘,-0.11703408,-0.14598115
1568,卷入,-0.06489338,-0.10136418
1569,多处,-0.085756764,-0.13684493
1570,旋转,-0.07244076,-0.11392422
1571,刘广才,-0.12023036,-0.18599404
1572,推荐,-0.083181776,-0.2139079
1573,500m,-0.09409149,-0.14181143
1574,42,-0.10036152,-0.1848585
1575,Unionitessp,-0.08636353,-0.12740281
1576,帘石,-0.06098177,-0.12647663
1577,见图,-0.07342626,-0.12948823
1578,比例尺,-0.06069169,-0.1286191
1579,Mojsisovics,-0.08844633,-0.14112316
1580,30cm,-0.07649953,-0.12865834
1581,热释光,-0.070316285,-0.10172937
1582,工作量,-0.0941488,-0.1982725
1583,单斜,-0.09942767,-0.15883638
1584,含煤,-0.084820285,-0.1300298
1585,电阻率,-0.048469234,-0.081923746
1586,白云质,-0.16148771,-0.08357303
1587,Koninckinasp,-0.030493055,-0.12177635
1588,Arcosarinacf,-0.12788235,-0.15943602
1589,幅区,-0.09689888,-0.15567973
1590,纵向,-0.06945759,-0.10972005
1591,1987,-0.082503915,-0.16999716
1592,1974,-0.11213624,-0.26879385
1593,阶地,-0.10081631,-0.12771077
1594,逆冲,-0.07494241,-0.15305771
1595,先后,-0.097245745,-0.20713045
1596,经受,-0.062134165,-0.056037154
1597,⑹,-0.080174096,-0.065553725
1598,水体,-0.053316858,-0.13038118
1599,C1Z1,-0.10386374,-0.0323902
1600,离散,-0.040084764,-0.16814336
1601,采获,-0.01651207,-0.1887991
1602,间歇性,-0.049660426,-0.099025585
1603,南西,-0.056945335,-0.13417834
1604,要素,-0.08967244,-0.11514972
1605,混合,-0.08072872,-0.116578184
1606,西侧,-0.06640375,-0.122164495
1607,人为,-0.07510662,-0.16148727
1608,400m,-0.067720056,-0.113116175
1609,㈣,-0.059018996,-0.12604797
1610,槽,-0.12618232,-0.13656105
1611,程度较高,-0.05470862,-0.091347896
1612,因子,-0.052288204,-0.09628802
1613,赛,-0.06681394,-0.20155858
1614,多年冻土,-0.08542739,-0.19199097
1615,外形,-0.061347574,-0.111515
1616,应力,-0.060485397,-0.11634025
1617,参数值,-0.07713839,-0.17697409
1618,学,-0.07717953,-0.088470824
1619,闪质,-0.12810726,-0.17605741
1620,状斜,-0.14155772,-0.15651758
1621,0.2,-0.071302995,-0.1290967
1622,⒕,-0.12815858,-0.1132084
1623,T1,-0.065908045,-0.1716424
1624,熔融,-0.08316433,-0.1642334
1625,古近,-0.06792522,-0.1790006
1626,数据库,-0.14058559,-0.2031564
1627,结核,-0.105120786,-0.10274201
1628,闪长质,-0.091616414,-0.18020375
1629,Tchd,-0.06566415,-0.12926671
1630,土层,-0.093886785,-0.15743273
1631,信息提取,-0.09425599,-0.23021391
1632,1976,-0.025192892,-0.07649422
1633,CAG,-0.086973265,-0.1914616
1634,探讨,-0.03551221,-0.069873415
1635,港湾,-0.09264555,-0.118546315
1636,斑晶为,-0.08046106,-0.08782574
1637,T3B,-0.10727517,-0.108879
1638,投至,-0.080064796,-0.090724856
1639,格尔木市,-0.1286469,-0.20773233
1640,仅见,-0.03686069,-0.07877808
1641,亲石,-0.06379224,-0.15904164
1642,实施,-0.091020815,-0.18834531
1643,渐变,-0.07794262,-0.12241807
1644,45%,-0.13787319,-0.17412865
1645,27,-0.0647003,-0.1376786
1646,51,-0.09963702,-0.1671884
1647,I46C003004,-0.011746191,-0.13960804
1648,呈现,-0.07446028,-0.1633993
1649,院,-0.05832638,-0.15532102
1650,五道,-0.06250376,-0.17889118
1651,后者,-0.06170436,-0.062350318
1652,参照,-0.052603014,-0.14844275
1653,应用,-0.08813404,-0.15240134
1654,铅锌,-0.12560876,-0.20925593
1655,未能,-0.063451946,-0.11126751
1656,44,-0.13663164,-0.18699461
1657,详见,-0.047485974,-0.060447115
1658,扎曲,-0.06745042,-0.13448969
1659,维氏,-0.07159325,-0.17061506
1660,黄褐色,-0.13458104,-0.08214677
1661,河湖相,-0.07673271,-0.16218986
1662,长度,-0.07138889,-0.13301954
1663,采有,-0.07629447,-0.18685499
1664,石片岩,-0.10146926,-0.09039891
1665,4%,-0.05444196,-0.09292592
1666,青盘,-0.07598964,-0.13138004
1667,速率,-0.10201067,-0.15223008
1668,冬季,-0.017520161,-0.09783212
1669,萎缩,-0.11284753,-0.2033207
1670,0.8,-0.05338143,-0.09719791
1671,增加,-0.048678406,-0.09615289
1672,计算,-0.046613023,-0.14279477
1673,类似,-0.038530417,-0.12857996
1674,体中,-0.08060529,-0.09789076
1675,Myophoria,-0.07033547,-0.14155538
1676,粒级,-0.1018086,-0.13373344
1677,长约,-0.004326001,-0.054482684
1678,风火山,-0.049808756,-0.12137374
1679,39,-0.079716355,-0.20528886
1680,鲕,-0.122738265,-0.07657414
1681,最新,-0.06660926,-0.12818697
1682,嵌晶,-0.08663083,-0.136065
1683,偶见,-0.067309014,-0.11255044
1684,寒冻风化,-0.12901688,-0.17122735
1685,类及,-0.0641971,-0.18076883
1686,测定,-0.025355754,-0.10187406
1687,相关性,-0.04179759,-0.10917729
1688,洪积物,-0.067471884,-0.10057975
1689,第二节,-0.060911316,-0.08921257
1690,1992,-0.11949159,-0.14527985
1691,分队,-0.056431904,-0.08669958
1692,纵横,-0.07810465,-0.11872377
1693,公路,-0.121864036,-0.22020012
1694,线索,-0.057327036,-0.14743094
1695,错组,-0.10532619,-0.16407703
1696,腹地,-0.061071217,-0.09096777
1697,价值,-0.06416882,-0.1526183
1698,期后,-0.07610384,-0.16366091
1699,彩石,-0.02822499,-0.1146385
1700,Be,-0.1332876,-0.19636247
1701,最具,-0.10749037,-0.17096864
1702,亚,-0.13748936,-0.16543113
1703,云南,-0.08212544,-0.23752996
1704,我国,-0.11570898,-0.15886505
1705,腹足,-0.08587908,-0.11756413
1706,取得,-0.042264473,-0.12520424
1707,南以,-0.039154295,-0.11751252
1708,海拔高度,-0.07039968,-0.15806492
1709,粗大,-0.07338727,-0.11123061
1710,划归,-0.07544065,-0.14796828
1711,差异性,-0.001387383,-0.02736139
1712,后缘,-0.07590666,-0.13747403
1713,中下部,-0.06511867,-0.16229427
1714,纺锤形,-0.14954826,-0.20056893
1715,Ⅳ,-0.05147979,-0.097853966
1716,丘,-0.08019975,-0.18481451
1717,条状,-0.035214107,-0.11055473
1718,葡萄,-0.040773805,-0.103051156
1719,不群,-0.0702265,-0.15632136
1720,有晚,-0.06815794,-0.11829816
1721,点落,-0.11473184,-0.10958847
1722,泉水,-0.053454723,-0.08491524
1723,有着,-0.08189535,-0.18086955
1724,洋壳,-0.07217178,-0.15825625
1725,线状,-0.073661864,-0.14180821
1726,0.64,-0.009470329,-0.10436116
1727,物源,-0.08270056,-0.1307581
1728,接触面,-0.01541557,-0.06403957
1729,二者之间,-0.06652437,-0.069465145
1730,二长,-0.056744922,-0.051222034
1731,呈似,-0.06132361,-0.08239575
1732,铁镁,-0.047077913,-0.108420305
1733,投图,-0.085272215,-0.079805695
1734,不相容,-0.056561176,-0.05699799
1735,POG,-0.06472132,-0.1394844
1736,被动,-0.110296786,-0.20304102
1737,Maniar,-0.07047429,-0.10793846
1738,晶,-0.051428504,-0.09188589
1739,产在,-0.054202877,-0.13233882
1740,P2O5,-0.07958016,-0.08822756
1741,体均,-0.04403915,-0.048227724
1742,2002,-0.046589084,-0.08432933
1743,山前,-0.092536375,-0.19288154
1744,坡麓,-0.14796484,-0.19665691
1745,形迹,-0.06382814,-0.0600387
1746,落在亚,-0.068189725,-0.15594518
1747,统一,-0.09650597,-0.109681115
1748,代号,-0.024374546,-0.054625444
1749,TAS,-0.058104,-0.107247606
1750,密切,-0.021026827,-0.08377028
1751,0.22,-0.012295323,-0.09491535
1752,矿产资源,-0.041421812,-0.11140547
1753,11%,-0.037899263,-0.08616677
1754,并具,-0.07532449,-0.12904167
1755,探,-0.040981423,-0.14010677
1756,棱,-0.04740044,-0.071468696
1757,化学分析,-0.07802066,-0.1257654
1758,CPd,0.007347697,-0.10038056
1759,原生,-0.046776272,-0.113580436
1760,地块,-0.07305038,-0.20546983
1761,墙群,-0.06966576,-0.115135066
1762,90,-0.109190784,-0.12829065
1763,已有,-0.06477367,-0.119136825
1764,呈条,-0.073977925,-0.1247335
1765,冲断,-0.050698724,-0.10613793
1766,季节性,-0.077405274,-0.16725558
1767,中晚期,-0.060195163,-0.089461684
1768,结隆,-0.113342464,-0.15041243
1769,雪山,-0.055793192,-0.07758528
1770,汽车,-0.07004854,-0.1496854
1771,陇,-0.06504593,-0.16704534
1772,一线,-0.07290412,-0.17532939
1773,结隆群,-0.07982123,-0.062110405
1774,96,-0.035480347,-0.12321488
1775,钻孔,-0.09629119,-0.1369089
1776,具较,-0.04372071,-0.10723416
1777,该矿,-0.011546567,-0.08678633
1778,东莫扎,-0.1081738,-0.15174004
1779,100cm,-0.13124707,-0.16118307
1780,北至南,-0.016546538,-0.052460324
1781,强片,-0.053998414,-0.12229103
1782,中厚层,-0.17903863,-0.058836192
1783,第三纪,-0.083724886,-0.14208294
1784,适宜,-0.046791036,-0.11587389
1785,全区,-0.08269577,-0.1032573
1786,Montlivaltiasp,-0.064080946,-0.09425063
1787,复屑,-0.18377824,-0.11885853
1788,Caucasorhynchiasp,-0.06113001,-0.0840043
1789,30m,-0.032013126,-0.072157376
1790,复活,-0.06606983,-0.11325486
1791,金,-0.055646013,-0.1381807
1792,状态,-0.045367915,-0.10869179
1793,120,-0.086974494,-0.1370179
1794,测量,-0.096515924,-0.18289821
1795,矿产地,-0.07397337,-0.08998088
1796,50%,-0.07166036,-0.10113539
1797,斜率,-0.07874156,-0.10050549
1798,缓慢,-0.081686735,-0.16169187
1799,此时,-0.10406672,-0.1739459
1800,略有,-0.009974485,-0.07991357
1801,59,-0.108028,-0.1563358
1802,冰缘,-0.06491993,-0.12339218
1803,地理位置,-0.105546944,-0.16886584
1804,控矿,-0.055856828,-0.09317238
1805,茎,-0.10800004,-0.19689523
1806,地质矿产,-0.05344778,-0.14175029
1807,子吉塞,-0.01894729,-0.17852816
1808,碎石,-0.059980933,-0.08679111
1809,阳坡,-0.13441256,-0.20007963
1810,表层,-0.08686263,-0.1424208
1811,稳定性,-0.08760161,-0.07475259
1812,倾,-0.084482916,-0.13664234
1813,大套,-0.06946047,-0.06251338
1814,任务书,-0.08217846,-0.06943775
1815,趋于,-0.04856591,-0.12164239
1816,底界,-0.07879412,-0.064693436
1817,拉长,-0.051372852,-0.13488269
1818,1993,-0.09137115,-0.17430492
1819,富含,-0.0923724,-0.112744905
1820,变余晶屑,-0.072448924,-0.08273648
1821,滑塌,-0.12361526,-0.2085451
1822,恶劣,-0.043685623,-0.14404638
1823,冻胀,-0.094975404,-0.15757464
1824,40cm,-0.09031149,-0.064519405
1825,银矿,-0.10928149,-0.22245227
1826,斑晶中,-0.0861467,-0.077287704
1827,地质图,-0.06420093,-0.15905051
1828,判断,-0.08582091,-0.102518074
1829,夷则,-0.110223636,-0.22689158
1830,玛,-0.1065386,-0.23743053
1831,⒗,-0.15732636,-0.14033794
1832,高钾,-0.097041585,-0.10282063
1833,⒖,-0.10091013,-0.10012564
1834,隐晶,-0.08055001,-0.08656427
1835,鲍马,-0.060539868,-0.12708092
1836,杂乱,-0.08064873,-0.10276104
1837,周边,-0.06442619,-0.18995611
1838,浅灰,-0.1307935,-0.1057074
1839,子吉赛,-0.03313153,-0.04884425
1840,粒序,-0.09845166,-0.11719723
1841,图版,-0.050503895,-0.1439243
1842,格架,-0.017062282,-0.033997986
1843,晶粒,-0.074492045,-0.17478295
1844,偏低,-0.07190341,-0.10959949
1845,根据上述,-0.06954722,-0.11432311
1846,6,-0.06882175,-0.122478224
1847,层厚,-0.051246505,-0.12675689
1848,B型,-0.09592973,-0.12051298
1849,开阔,-0.04401241,-0.12120003
1850,重力,-0.11244489,-0.13568228
1851,岩石圈,-0.0788064,-0.13705784
1852,囊谦,-0.013645404,-0.10060797
1853,蜓,-0.055788085,-0.15354718
1854,板理,-0.041478865,-0.06074809
1855,见到,-0.06842449,-0.14698178
1856,可能性,-0.03397652,-0.1131038
1857,5cm,-0.019820465,-0.04892114
1858,清晰,-0.12558435,-0.1714896
1859,荣格,-0.06123634,-0.12243338
1860,指定,-0.07917209,-0.09679899
1861,世甲丕拉组,-0.067209534,-0.14296433
1862,浅层,-0.021260204,-0.080403335
1863,Neomegalodon,-0.036941104,-0.09496071
1864,控巴,-0.110353105,-0.1542742
1865,Hg,-0.09495085,-0.16291314
1866,110,-0.04547186,-0.07904188
1867,系中,-0.023748945,-0.047727875
1868,流动,-0.08476214,-0.06353341
1869,2m,-0.08346504,-0.107837796
1870,俄仁,-0.08278808,-0.1845459
1871,平缓,-0.09215338,-0.13632897
1872,香肠,-0.074252926,-0.13468543
1873,脆性断裂,-0.080316335,-0.13455303
1874,埋深,-0.012332562,-0.06536161
1875,定为,-0.06519189,-0.12685189
1876,欠,-0.058762338,-0.12955566
1877,Tr,-0.05423533,-0.1297229
1878,开展,-0.07631086,-0.13017918
1879,条块,-0.06215271,-0.14083663
1880,二个,-0.057447195,-0.15934736
1881,Thecosmiliasp,-0.07514766,-0.13474394
1882,变异,-0.048629295,-0.08808323
1883,呈断,-0.04358073,-0.10803682
1884,瓣,-0.08319198,-0.17691188
1885,镜下,-0.10406738,-0.10737558
1886,扎格,-0.005952213,-0.10130507
1887,形变,-0.04591239,-0.12151818
1888,43,-0.07166264,-0.13722594
1889,Halobiacf,-0.0796084,-0.1283366
1890,2000,-0.10445312,-0.21300063
1891,于扎青,-0.026886925,-0.084042236
1892,生活,-0.021477927,-0.101722606
1893,糜棱,-0.089965604,-0.059254423
1894,脉体,0.000331332,-0.03380103
1895,Et,-0.061131354,-0.091525756
1896,精度,-0.05919539,-0.13156752
1897,退变,-0.10383128,-0.14528218
1898,湖塘,-0.08274083,-0.1414093
1899,功能,-0.092201024,-0.12775233
1900,al,-0.0422953,-0.118831456
1901,尘,-0.10494182,-0.10060405
1902,拉地,-0.08224079,-0.11393279
1903,洪积扇,-0.073195264,-0.1758329
1904,雁石坪,-0.083757505,-0.12983473
1905,alk,-0.046298478,-0.13819198
1906,降水量,-0.06603314,-0.07904885
1907,Crd,-0.039109148,-0.12398886
1908,王毅智,-0.0740508,-0.10922835
1909,积水,-0.074184954,-0.19506446
1910,脆,-0.055823907,-0.08758572
1911,盖度,-0.08903708,-0.114499144
1912,荒漠,-0.10404302,-0.11645911
1913,阿日曲,-0.048054144,-0.150278
1914,干性,-0.007837649,-0.03184919
1915,楔状,-0.113289356,-0.15758884
1916,评审,-0.06924402,-0.13128085
1917,赤铁矿,-0.087086916,-0.0834325
1918,生产,-0.04771233,-0.096413545
1919,规律性,-0.035772774,-0.093710564
1920,物种,-0.0911075,-0.10197332
1921,崩塌,-0.111496955,-0.18906163
1922,泥炭,-0.098728485,-0.112028636
1923,长青,-0.06031236,-0.17003223
1924,煌,-0.07788477,-0.10656466
1925,泥石流,-0.100387126,-0.14385575
1926,暖,-0.08843227,-0.11596529
1927,踏勘,-0.066441774,-0.083381146
1928,5,-0.067261726,-0.15556249
1929,坡,-0.1485804,-0.118830755
1930,扩展,-0.075280115,-0.1629733
1931,季风,-0.04680238,-0.119893216
1932,西部,-0.053415526,-0.10881478
1933,调院,-0.047368754,-0.103092596
1934,山坡,-0.059968278,-0.15511018
1935,制约,-0.010064147,-0.06641467
1936,堆晶,-0.06164342,-0.043673556
1937,莫,-0.08359418,-0.12312809
1938,K2,-0.0579034,-0.10720686
1939,加麦,-0.06825424,-0.092615336
1940,古气候,-0.05104177,-0.14166695
1941,矿质,-0.08440677,-0.11916435
1942,研究成果,-0.018714119,-0.10268907
1943,修改,-0.04533702,-0.12078434
1944,区段,-0.035217278,-0.08788536
1945,体及,-0.11257686,-0.16053186
1946,主导,-0.05755959,-0.09287327
1947,E2,-0.12736353,-0.16450694
1948,溯源侵蚀,-0.054308966,-0.14308865
1949,老到,-0.047692973,-0.116459146
1950,日斑,-0.063842386,-0.12834567
1951,制作,-0.07596673,-0.15112564
1952,15m,-0.0612757,-0.099206
1953,㈤,-0.02955148,-0.121426456
1954,2006,-0.07558897,-0.1834697
1955,新世,-0.030367954,-0.10869467
1956,P2nr,-0.09763262,-0.07094747
1957,当江科,-0.083261244,-0.15851673
1958,估算,-0.030398298,-0.09375119
1959,磁性,-0.0803199,-0.083313935
1960,查明,-0.008300703,-0.07793026
1961,由同,-0.11535145,-0.12765206
1962,氧化,-0.10693978,-0.14198251
1963,化带,-0.063684516,-0.1137338
1964,改变,-0.04007001,-0.10902055
1965,四川省,-0.06244212,-0.12564218
1966,规定,-0.081909806,-0.1485981
1967,缺乏,-0.015607921,-0.08684004
1968,透闪石,-0.067921005,-0.04052675
1969,混合型,-0.033265743,-0.085171595
1970,总结,-0.03599952,-0.06954855
1971,扩大,-0.08540601,-0.12371999
1972,大规模,-0.11618982,-0.12027802
1973,降水,-0.06916745,-0.10187103
1974,黎彤,-0.05607126,-0.11109274
1975,暖色调,-0.07531447,-0.14889292
1976,210,-0.0465344,-0.18432641
1977,堆晶岩,-0.07471031,-0.06621458
1978,山间,-0.017151333,-0.079589084
1979,大面积,-0.06876521,-0.06624992
1980,采乡,-0.013742451,-0.16056353
1981,康巴,-0.048923828,-0.1361316
1982,吉塘群,-0.03618062,-0.10205716
1983,纤维,-0.08164395,-0.14937788
1984,上西金,-0.004526926,-0.10943811
1985,两条,-0.09314791,-0.14463271
1986,森林,-0.062711276,-0.17027004
1987,1.2,-0.04715978,-0.124976955
1988,中多,-0.014583034,-0.10568175
1989,底,-0.059505463,-0.08668588
1990,暗紫色,-0.15428844,-0.09879321
1991,夹砖,-0.18800743,-0.07453784
1992,向东,-0.077783,-0.08184016
1993,大体,-0.08410543,-0.07769063
1994,泥砾,-0.067197315,-0.099739484
1995,1982,-0.08044207,-0.110965736
1996,序,-0.1331301,-0.12806456
1997,⒘,-0.0977968,-0.07801617
1998,串珠,-0.054376192,-0.10334508
1999,尤,0.006166963,-0.013908379
2000,2000m,-0.066678725,-0.099861
2001,喷溢,-0.051082384,-0.085881084
2002,特龙赛,-0.05201673,-0.11591102
2003,冷色调,-0.11186779,-0.17279345
2004,均匀分布,-0.030607231,-0.023480965
2005,形柱,-0.034201,-0.07501842
2006,动力学,-0.042918887,-0.10843979
2007,从中,-0.011335142,-0.07961024
2008,凝,-0.07373597,-0.10976983
2009,垄,-0.16382043,-0.20013615
2010,成熟度,-0.101789944,-0.05596725
2011,5m,-0.07775207,-0.09618429
2012,数十米,-0.07107837,-0.06389332
2013,隐晶质,-0.04247281,-0.07511255
2014,区分,-0.054824065,-0.12863156
2015,200,-0.06417104,-0.09174408
2016,平台,-0.106217064,-0.12389269
2017,层为,-0.08984253,-0.103263184
2018,大者,-0.01939003,-0.095176764
2019,化点,-0.042484235,-0.1100293
2020,各岩组,-0.018418051,-0.06914175
2021,万治,-0.032949045,-0.09966257
2022,以东,-0.03106716,-0.10801697
2023,组在,-0.048228398,-0.089757904
2024,可知,-0.012704022,-0.058438797
2025,238U,-0.042454224,-0.1516265
2026,浊积岩,-0.09865107,-0.11988741
2027,多呈次,-0.077694386,-0.13823433
2028,分散,-0.053380217,-0.05693292
2029,马,-0.12801944,-0.17177956
2030,Yidunellayunnanensis,-0.07634513,-0.110669404
2031,多以,-0.0666055,-0.081111535
2032,少量出,-0.028538449,-0.09523486
2033,Posidoniasp,-0.087235235,-0.11896644
2034,Koninckinacf,-0.078368574,-0.1856128
2035,HalobiasuperbescensKittl,-0.05783697,-0.10441923
2036,Costatoria,-0.07249633,-0.14681089
2037,相变,-0.011798233,-0.06938207
2038,然木,-0.048340354,-0.062194336
2039,该岩,-0.025360834,-0.060488403
2040,回性,-0.07837894,-0.14452165
2041,刺,-0.05955476,-0.106851004
2042,Neocalamitessp,-0.012315352,-0.07472797
2043,18%,-0.05656361,-0.09474695
2044,相一致,-0.03976267,-0.10806809
2045,称为,-0.048968095,-0.13379702
2046,报告书,-0.066908516,-0.05918819
2047,砾屑,-0.15213569,-0.11667888
2048,少许,-0.06784745,-0.0536985
2049,Bittner,-0.0587795,-0.16131546
2050,介壳,-0.08490896,-0.06479809
2051,三分,-0.032445613,-0.15261036
2052,西起,-0.023081655,-0.079494186
2053,属种,-0.07769851,-0.109516494
2054,jaegeriBrongniart,-0.05001359,-0.117473476
2055,1,-0.062368732,-0.09017016
2056,组级,-0.012226419,-0.12947068
2057,暗,-0.15304287,-0.15095475
2058,众根,-0.039472524,-0.15933362
2059,3,-0.0669709,-0.13685289
2060,Carnian,-0.085116975,-0.11547558
2061,47%,-0.015123244,-0.052687638
2062,冲积层,-0.027336009,-0.12011272
2063,41,-0.09894259,-0.1602328
2064,多色性,-0.044891194,-0.027685037
2065,中性,-0.098300464,-0.036949184
2066,离子,-0.07008478,-0.17030488
2067,正层,-0.08058267,-0.12373608
2068,黝帘石,-0.055817295,-0.0079334
2069,昆仑山,-0.022668265,-0.0728302
2070,12%,-0.06846761,-0.115054995
2071,物为,-0.031192888,-0.07397355
2072,单个,-0.0916339,-0.08835609
2073,大小不一,-0.035274047,-0.08610676
2074,阳起,-0.07382689,-0.0432032
2075,间断,-0.069447376,-0.033445243
2076,1.01,-0.01382617,-0.057285067
2077,200m,-0.0617142,-0.058197636
2078,悬浮,-0.07818491,-0.119034335
2079,细晶岩,-0.10611381,-0.16104479
2080,65,-0.074688196,-0.15016519
2081,最大者,-0.04008598,-0.055872943
2082,间隔,-0.038522094,-0.08153503
2083,贡纳涌,-0.034172665,-0.04568564
2084,地质剖面,-0.049439076,-0.16147734
2085,曲线图,-0.047423005,-0.09030255
2086,分割,-0.04543275,-0.14241987
2087,2.18,-0.052830737,-0.102840364
2088,1.02,-0.058964744,-0.06669136
2089,测区查,-0.044745244,-0.09906268
2090,洋脊,-0.07847855,-0.09563517
2091,停用,-0.064278856,-0.1451917
2092,增强,-0.10824537,-0.12191232
2093,未定,-0.09051115,-0.18446305
2094,206Pb,-0.07143122,-0.14298931
2095,涌北,-0.07727163,-0.1396252
2096,P2,-0.041385174,-0.044175483
2097,清理,-0.051188104,-0.12728503
2098,圆滑,-0.046689104,-0.122412376
2099,降温,-0.06999878,-0.15763116
2100,保组及,-0.05052442,-0.13950597
2101,纹形,-0.082611725,-0.119764104
2102,东部,-0.033352435,-0.10423626
2103,延展性,0.02448746,0.016452158
2104,紫,-0.12828617,-0.1093101
2105,组等,-0.055598926,-0.11782742
2106,1998,-0.005064013,-0.06535278
2107,调局,-0.043788515,-0.10469061
2108,具不,-0.04183121,-0.07120599
2109,端,-0.09139855,-0.17221387
2110,2001,-0.011639638,-0.10016466
2111,歌舞,-0.07435598,-0.12140889
2112,状中粒,-0.16118373,-0.07673896
2113,T3Bt1,-0.077143565,-0.056756757
2114,自然环境,-0.056545965,-0.11342827
2115,转折,-0.09881211,-0.11752018
2116,鼠类,-0.05330454,-0.06777203
2117,予以,-0.020086462,-0.07014381
2118,方向性,-0.065748006,-0.036624927
2119,石棉,-0.01800988,-0.05215481
2120,布曲,-0.008168782,-0.046127964
2121,古老,-0.06985211,-0.072664745
2122,003P7,-0.017484229,-0.0730177
2123,银等,-0.09675033,-0.14016303
2124,燃料,-0.054444324,-0.15106966
2125,黑色金属,-0.09531167,-0.12850738
2126,平静,-0.054007407,-0.09916103
2127,角,-0.0785855,-0.09306546
2128,远景,-0.025309458,-0.11243801
2129,据此,-0.000784544,-0.0785395
2130,直线,-0.07432954,-0.11563212
2131,专题,-0.029616078,-0.119263195
2132,线形,-0.08784796,-0.12229836
2133,消融,-0.045602404,-0.08912054
2134,Sb,-0.08332087,-0.13084844
2135,级阶地,-0.04644503,-0.09146725
2136,1964,-0.05403524,-0.10269877
2137,3.4,-0.05558465,-0.14857046
2138,挖,-0.05793162,-0.07095375
2139,中获,-0.060799327,-0.09426972
2140,对称性,-0.041507177,-0.10296394
2141,1.8,-0.06059472,-0.11155345
2142,云影,-0.057380725,-0.047112137
2143,带有,-0.044354845,-0.08327952
2144,理,-0.03800051,-0.049198367
2145,0.4,-0.07819999,-0.11549182
2146,适应,-0.05465566,-0.105133645
2147,1986,-0.054689568,-0.12348888
2148,性较,-0.037776172,-0.070336446
2149,空白,-0.075899675,-0.12061047
2150,裂缝,-0.07337396,-0.12463326
2151,耦合,-0.037951145,-0.07543669
2152,六射,-0.028357355,-0.102927424
2153,航卫片,-0.05937365,-0.122340105
2154,复式,-0.0497111,-0.044516265
2155,3.5,-0.038528796,-0.13270399
2156,寒,-0.038711447,-0.131417
2157,牙形,-0.08088007,-0.10360298
2158,根组,-0.045662653,-0.09880631
2159,土壤侵蚀,-0.04197974,-0.0891518
2160,藏族,-0.047188178,-0.024965586
2161,冰椎,-0.08053961,-0.06702531
2162,⒙,-0.123014964,-0.08667443
2163,山峰,-0.05571126,-0.097570345
2164,克氏,-0.022287196,-0.14046241
2165,提高,-0.050504692,-0.036704313
2166,白云石,-0.09454967,-0.063439146
2167,晶含,-0.10381472,-0.075836994
2168,粉亮,-0.1447875,-0.08993182
2169,0.10%,-0.056845758,-0.06678661
2170,粉晶,-0.07800514,-0.03795041
2171,风蚀,-0.02888972,-0.099236906
2172,积累,-0.08642392,-0.060073726
2173,14%,-0.058357578,-0.08572904
2174,迅速,-0.0766609,-0.11742574
2175,醒目,-0.04177159,-0.04221232
2176,理石,-0.07338049,-0.10944036
2177,向南东,-0.06649449,-0.09463521
2178,Tchop,-0.0583612,-0.073890164
2179,海绵,-0.10375602,-0.14312835
2180,赋矿,-0.000181877,-0.05086396
2181,峰态,-0.013802055,-0.028659122
2182,暗绿色,-0.09860543,-0.084593914
2183,寒漠,-0.07041373,-0.11374011
2184,介质,-0.05716392,-0.1577322
2185,脆弱,-0.078453615,-0.15418448
2186,地带性,-0.103972584,-0.15297373
2187,极高,-0.1100234,-0.12532724
2188,丰沛,-0.03651905,-0.07521967
2189,国家,-0.07980731,-0.104639545
2190,10cm,-0.050105963,-0.06233642
2191,地下水位,-0.003982211,-0.05890567
2192,吉,-0.03699731,-0.114962325
2193,演替,-0.096271925,-0.1466138
2194,Cyclocyclicussp,-0.032113098,-0.12060958
2195,索莫,-0.053601466,-0.13113908
2196,南北,-0.05538441,-0.063135274
2197,mm2,-0.053152587,-0.08701756
2198,外围,-0.07842252,-0.13608195
2199,包裹,-0.08837188,-0.10265849
2200,腐殖质,-0.0662341,-0.051460974
2201,建议,-0.06969674,-0.09272729
2202,铅锌矿,-0.07214876,-0.16652924
2203,一侧,-0.059470333,-0.07482865
2204,2ca,-0.063965626,-0.07523382
2205,图外,-0.017633103,-0.08298753
2206,中型,-0.07103869,-0.11187184
2207,提交,-0.088813946,-0.123679325
2208,万吨,-0.057884686,-0.11699385
2209,岩和晚,0.040903497,-0.09741646
2210,简易,-0.100096874,-0.13319774
2211,跳跃,-0.01309491,-0.09070186
2212,全铁,-0.039270967,-0.107803755
2213,优势种群,-0.058529478,-0.12313553
2214,足类,-0.0534225,-0.09477315
2215,鼠害,-0.025796939,-0.08736462
2216,致使,-0.08140383,-0.10580212
2217,众根涌,-0.05392036,-0.06797764
2218,Claraiasp,-0.049181502,-0.079359554
2219,九队,0.016387507,-0.01020875
2220,流失,-0.06962042,-0.138458
2221,建群种,-0.044647582,-0.06643923
2222,0.05,-0.077531375,-0.1107091
2223,金属矿床,-0.02896348,-0.088163905
2224,概况,-0.09114965,-0.13181418
2225,1981,-0.06706659,-0.10480281
2226,85,-0.075720005,-0.08877402
2227,今后,-0.045309037,-0.058187477
2228,0.7,0.001859212,-0.05821149
2229,Placunopsissp,-0.040388677,-0.10802225
2230,西段,-0.068784215,-0.11176153
2231,公社,-0.05534569,-0.12306538
2232,辉铜矿,-0.04496153,-0.078541934
2233,嵩草,-0.0867678,-0.15688375
2234,雪,-0.021942077,-0.10788089
2235,吻合,-0.066673554,-0.045361463
2236,含铜,-0.09595706,-0.10097915
2237,滨海,-0.014542295,-0.092025094
2238,陈国隆,-0.0576634,-0.09348734
2239,陈楚震,-0.04106927,-0.1262534
2240,尚未,-0.04311306,-0.08844543
2241,详查,-0.026822707,-0.086137205
2242,层层,-0.08881792,-0.12631343
2243,突出,-0.08211201,-0.109492704
2244,54,-0.08630117,-0.09813533
2245,指导,-0.07383601,-0.10706875
2246,阿日,-0.047142975,-0.08613902
2247,体边部,-0.024580086,-0.064301394
2248,常有,-0.050381754,-0.1027398
2249,含长,-0.087890714,-0.05189129
2250,结构特征,-0.065307006,-0.0906874
2251,印度洋,-0.06183312,-0.12648313
2252,杂质,-0.05273437,-0.061937314
2253,形状,-0.057230175,-0.11077023
2254,0.54,-0.016282653,-0.07823811
2255,75,-0.06126719,-0.03918675
2256,SiO,-0.045034807,-0.07440729
2257,岩区,-0.04625357,-0.09824367
2258,由此,-0.022667317,-0.049708303
2259,两种,-0.09109619,-0.110793546
2260,地幔,-0.043688305,-0.109748624
2261,羌北,-0.0364854,-0.10738926
2262,更长,-0.028565733,-0.06365125
2263,图见,-0.05499818,-0.04804057
2264,热水,-0.010087069,-0.059280407
2265,0.23,-0.039808925,-0.052648347
2266,0.92,-0.0681473,-0.087713964
2267,轮廓,-0.011115951,-0.07298879
2268,贡定果,-0.06674818,-0.09701531
2269,220,-0.07125921,-0.097591065
2270,析出,-0.05377618,-0.091500014
2271,青乡,-0.087749094,-0.12867074
2272,代表性,-0.024576435,-0.039582975
2273,散布,-0.018789263,-0.09944273
2274,淤泥,-0.08014183,-0.08087026
2275,H2O,-0.016120026,-0.03543516
2276,侧碛,-0.03449066,-0.13846728
2277,2.08,-0.030581228,-0.06912674
2278,表征,-0.019615956,-0.08108268
2279,符合,-0.10130099,-0.10176015
2280,由表,-0.036126755,-0.042112097
2281,5000m,-0.05666512,-0.094575755
2282,较厚,-0.015671479,-0.054143175
2283,带区,-0.020832773,-0.074403696
2284,运用,-0.001379985,-0.09846692
2285,联系,-0.044180933,-0.114095286
2286,20km,-0.06280981,-0.03689241
2287,科联,-0.10612931,-0.15926002
2288,国际,-0.10055966,-0.16583249
2289,有所,-0.018796748,-0.04753761
2290,黄绿色,-0.03775704,-0.049475778
2291,第三章,-0.049552694,-0.101836614
2292,Pseudoalbaillellafusifirmis,-0.05768779,-0.1634469
2293,5.44,-0.008762881,-0.09302191
2294,判定,-0.04976563,-0.041639987
2295,延展,-0.005880511,-0.03595946
2296,10MnO,-0.1064785,-0.10955178
2297,10P2O5,-0.08190728,-0.1489194
2298,成矿作用,-0.094482884,-0.11879199
2299,300,-0.059553996,-0.051187493
2300,条痕,-0.055352934,-0.0749813
2301,η,-0.06914426,-0.12035881
2302,锯齿状,-0.03542036,-0.0685949
2303,带及,-0.011260214,-0.10534233
2304,自形晶,-0.044347625,-0.08953861
2305,CIPW,-0.02243887,-0.055857114
2306,ALK,-0.056523412,-0.060542114
2307,遭受,-0.017226318,-0.032508206
2308,性片,-0.08064835,-0.08158093
2309,长条,-0.034992337,-0.117102645
2310,超动,-0.016044602,-0.0850255
2311,本文,-0.06418376,-0.090431795
2312,样点,-0.045932308,-0.107111484
2313,小苏,-0.039014664,-0.15940155
2314,正式,-0.07120563,-0.1058692
2315,顶蚀,-0.04549728,-0.10247447
2316,两类,-0.086862616,-0.09861895
2317,最低,-0.02450332,-0.04814945
2318,内外,-0.053060766,-0.067964025
2319,固结,-0.058609787,-0.08050521
2320,151.9,-0.049077146,-0.09335819
2321,J3,-0.08861979,-0.122152604
2322,绿玢岩,-0.047132503,-0.08593345
2323,三期,-0.017604,-0.049737744
2324,新鲜,-0.013427515,0.013883612
2325,呈半自,-0.033840623,-0.10526088
2326,化为,-0.06503619,-0.04330339
2327,班公湖,-0.024607828,-0.09637259
2328,P2j,-0.06805473,-0.122899204
2329,2.1,-0.013777644,-0.14304285
2330,由隐,-0.090973295,-0.104911156
2331,T3Bt,-0.050092705,-0.09993996
2332,格仁花,-0.075084455,-0.13412517
2333,继承性,0.017448392,-0.018081196
2334,0.99,-0.049446784,-0.063593216
2335,相吻合,-0.011803003,-0.058230635
2336,1.91,-0.06942562,-0.06697565
2337,世查,-0.021192254,-0.042317353
2338,边部具,-0.018909393,-0.073221214
2339,5,-0.07001014,-0.10978237
2340,混染,-0.015986256,-0.060727652
2341,2004,-0.041214284,-0.10254626
2342,石层,-0.05817712,-0.13354826
2343,吉塘,-0.03366192,-0.09209555
2344,核幔,-0.014998724,-0.09886255
2345,第四节,-0.046061963,-0.011962676
2346,过度,-0.05739763,-0.10915928
2347,多具,-0.08189019,-0.099054255
2348,北段,-0.0491839,-0.090115674
2349,中段,-0.046050567,-0.12619609
2350,然,0.0243049,-0.058354877
2351,海西,-0.038605906,-0.0896973
2352,万杂,-0.011276368,-0.072101004
2353,Chen,-0.051898677,-0.145805
2354,1966,-0.016667,-0.05824794
2355,褐,-0.0631623,-0.029503739
2356,编图,-0.07497455,-0.11726696
2357,Hyrcanopteriscf,-0.093418375,-0.13677876
2358,斑公湖,-0.09789889,-0.1565722
2359,彻底,-0.0792069,-0.10063609
2360,sinensisLietTsao,-0.056766044,-0.082279086
2361,Anomozamitessp,-0.047341786,-0.06072334
2362,稀疏,-0.053480323,-0.09280497
2363,五个,-0.04025998,-0.09999508
2364,硅灰石,-0.03253029,-0.075873695
2365,较广,0.005946061,-0.075166255
2366,向南,-0.07433094,-0.13748114
2367,石英粉,-0.06650569,-0.049504135
2368,性差,-0.03923559,-0.06549634
2369,深层次,-0.04654476,-0.07985514
2370,直涌,-0.060107533,-0.10170535
2371,光滑,-0.042284433,-0.038808614
2372,岩枕,-0.07055561,-0.086762376
2373,超浅成,-0.07149612,-0.09665226
2374,弧间盆地,-0.05704161,-0.05810391
2375,准确,-0.030306622,-0.11292591
2376,R2,-0.060310304,-0.1195042
2377,制图,-0.03187912,-0.04396096
2378,alataBittner,-0.06928445,-0.13437499
2379,以灰,-0.063272476,-0.08017724
2380,反差,-0.030399987,-0.10558152
2381,YidunellapentagonaChing,-0.005096501,-0.091799416
2382,夹中,-0.08479709,-0.058909163
2383,察雅,-0.07717309,-0.12965448
2384,第三,-0.058022488,-0.1736781
2385,分辨率,-0.04450962,-0.13798007
2386,福宝,-0.116818525,-0.15762524
2387,改为,-0.11108988,-0.14163099
2388,顶界,-0.05117622,-0.066910535
2389,逐步,-0.1096745,-0.116230816
2390,Sacothyrissinosa,-0.117059775,-0.19674106
2391,碎斑系,-0.062702544,-0.1127694
2392,西端,-0.058057178,-0.11814494
2393,当江蛇,0.019862477,-0.11764797
2394,追索,-0.04907509,-0.11056926
2395,多种,-0.03631169,-0.09531339
2396,云杉,-0.071713544,-0.059988383
2397,特殊,-0.037114084,-0.049254943
2398,兼,-0.06249973,-0.050896518
2399,规模较,-0.017840395,-0.098701306
2400,苟金,-0.02172139,-0.050823145
2401,影像,-0.04924245,-0.15989657
2402,出该,-0.033687856,-0.059138995
2403,了解,-0.059942335,-0.10140314
2404,57,-0.021975618,-0.064712554
2405,减弱,-0.034770764,-0.06363339
2406,成岩,-0.054760646,-0.065253094
2407,特有,-0.06716786,-0.11010192
2408,欧亚,-0.05811478,-0.15536541
2409,间粒,-0.060478013,-0.04453908
2410,尖棱状,-0.03786343,-0.043592338
2411,查证,-0.08463311,-0.05930136
2412,杂基,-0.045682717,-0.10241344
2413,山脊,-0.08207788,-0.14718102
2414,理论,-0.021696975,-0.08217909
2415,乡北,-0.005134906,-0.099112764
2416,三年,-0.007839635,-0.051268235
2417,轴,-0.070541404,-0.09787541
2418,领导,-0.04335955,-0.09747945
2419,上该,-0.05732162,-0.10665575
2420,⑺,-0.044823542,-0.06646266
2421,志,-0.030383699,-0.07241455
2422,1991,-0.047392517,-0.04583733
2423,右行,-0.076880656,-0.0934091
2424,始现,-0.07750969,-0.048092816
2425,组和,-0.030205563,-0.07102479
2426,球状,-0.044195455,-0.08555291
2427,监督,-0.08695829,-0.104195714
2428,铬,-0.04770982,-0.1174863
2429,极少,-0.042414803,-0.05846016
2430,野外工作,-0.05059891,-0.072652474
2431,略高于,-0.03102386,-0.07893336
2432,Kf,-0.024149781,-0.10357692
2433,Alm,-0.006863473,-0.06602247
2434,平直,-0.014871094,-0.076551266
2435,Camptonectes,-0.07906443,-0.08702791
2436,局,-0.030148536,-0.090546556
2437,繁多,-0.081007905,-0.06548319
2438,0.06,-0.054103762,-0.053637084
2439,Pseudoalbaillellaspp,-0.08072996,-0.2078592
